URL_ID,Deskripsi,Harga,Kawasan,Sertifikat,Kamar_Tidur,Kamar_Mandi,Garasi,Luas_Tanah,Luas_Bangunan,Kata_Kunci
https://www.rumah123.com/properti/jakarta-pusat-menteng/rumah-kost-di-menteng-jakpus-menarik-hos41726653/,Rumah Induk Plus Kost 6 Kamar di Menteng Cuan,Rp 700 Juta,"Menteng, Jakarta Pusat",HGB,7,2,0,LT:  56 m²,LB:  110 m²,"['Rumah', 'Premier', 'Dekat Akses Transportasi']"
https://www.rumah123.com/properti/jakarta-pusat-menteng/rumah-kost-17-kamar-cuan-full-occupancy-hos41678416/,Rumah Kost 17 Kamar Cuan Full Occupancy,"Rp 5,89 Miliar","Menteng, Jakarta Pusat",HGB,17,18,2,LT:  70 m²,LB:  280 m²,"['Rumah', 'Premier']"
https://www.rumah123.com/properti/jakarta-pusat-menteng/jual-cepat-rumah-luxury-2lantai-siap-huni-di-menteng-hos41758266/,"Jual Cepat, Rumah Luxury 2Lantai Siap Huni di Menteng",Rp 20 Miliar,"Menteng, Jakarta Pusat",HGB,8 + 1,8 + 1,3 + 2,LT:  537 m²,LB:  1100 m²,"['Rumah', 'Premier', 'Siap Huni']"
https://www.rumah123.com/properti/jakarta-pusat-kemayoran/rumah-mewah-2-lantai-luas-538m-di-ancol-dekat-kemayoran-dibawa-njop-hos41780464/,"Rumah Mewah 2 Lantai Luas 538,M di Ancol Dekat Kemayoran Dibawa NJOP","Rp 7,45 Miliar","Kemayoran, Jakarta Pusat",HGB,4,3,2 + 2,LT:  538 m²,LB:  500 m²,"['Rumah', 'Premier', 'Bisa Nego']"
https://www.rumah123.com/properti/jakarta-pusat-cempaka-putih/rumah-komersial-cempaka-putih-tengah-24x39-hos41308499/,Rumah Komersial Cempaka Putih Tengah 24X39,Rp 25 Miliar,"Cempaka Putih, Jakarta Pusat",HGB,4 + 2,2 + 2,2 + 2,LT:  700 m²,LB:  493 m²,"['Rumah', 'Premier', 'Dekat Fasilitas Kesehatan']"
https://www.rumah123.com/properti/jakarta-pusat-bendungan-hilir/ruang-usaha-sedang-tersewa-di-benhil-jakarta-pusat-strategis-jalan-utama-lebar-hos15294994/,"Bawah NJOP Jual Cepat Ruang Usaha Sedang Tersewa Cocok Utk Investor Lokasi di Benhil Jakarta Pusat Strategis, Jalan Utama Lebar",Rp 18 Miliar,"Bendungan Hilir, Jakarta Pusat",HGB,1,2 + 1,5,LT:  585 m²,LB:  230 m²,"['Rumah', 'Premier', 'Dekat Fasilitas Kesehatan']"
https://www.rumah123.com/properti/jakarta-pusat-cempaka-putih/rumah-komersial-di-rawamangun-dekat-lrt-hos41598705/,Rumah Tua Komersial Dekat LRT Unj Rawamangun,"Rp 9,5 Miliar","Cempaka Putih, Jakarta Pusat",HGB,1,1,3 + 3,LT:  470 m²,LB:  350 m²,"['Rumah', 'Premier', 'Dekat Akses Transportasi', 'Dekat Sekolah']"
https://www.rumah123.com/properti/jakarta-pusat-petojo/dijual-rumah-tua-hos41571545/,Dijual Rumah Tua,"Rp 2,87 Miliar","Petojo, Jakarta Pusat",HGB,0,0,0,LT:  200 m²,LB:  180 m²,"['Rumah', 'Premier', 'NJOP']"
https://www.rumah123.com/properti/jakarta-pusat-kebon-sirih/rumah-di-jl-menteng-kebon-sirih-lokasi-pusat-kota-hos18342222/,Rumah di Jl. Menteng Kebon Sirih Lokasi Pusat Kota SHM Siap Nego Sampai Deal!!!!!!,"Rp 10,5 Miliar","Kebon Sirih, Jakarta Pusat",HGB,6 + 1,3,3,LT:  278 m²,LB:  260 m²,"['Rumah', 'Premier', 'Dekat Sekolah', 'Dekat Fasilitas Kesehatan']"
https://www.rumah123.com/properti/jakarta-pusat-menteng/dijual-tanah-dan-bangunan-di-anyer-menteng-jakarta-pusat-hos41549420/,Dijual Rumah dan Tanah Murah di Anyer Menteng Jakarta Pusat,Rp 20 Miliar,"Menteng, Jakarta Pusat",HGB,8,6,20,LT:  1004 m²,LB:  600 m²,"['Rumah', 'Premier', 'Dekat Akses Transportasi']"
https://www.rumah123.com/properti/jakarta-pusat-cempaka-putih/rumah-417-meter-2-lantai-dekat-dengan-rs-islam-di-komplek-perumahan-cempaka-putih-jakarta-pusat-hos39296681/,"Rumah 417 Meter 2 Lantai Dekat dengan Rs Islam di Komplek Perumahan Cempaka Putih, Jakarta Pusat","Rp 10,5 Miliar","Cempaka Putih, Jakarta Pusat",HGB,8,6,2 + 2,LT:  417 m²,LB:  453 m²,"['Rumah', 'Premier', 'Komplek Perumahan', 'Siap Huni', 'Bebas Banjir', 'Dekat Sekolah', 'Dekat Fasilitas Kesehatan']"
https://www.rumah123.com/properti/jakarta-pusat-sawah-besar/rumah-hook-strategis-jakarta-pusat-dekat-jiexpo-kemayoran-hos41730137/,Rumah Hook Strategis 132 Meter Dekat Prj Kemayoran & Tol,"Rp 4,95 Miliar","Sawah Besar, Jakarta Pusat",HGB,6,2,2,LT:  132 m²,LB:  162 m²,"['Rumah', 'Premier', 'Komplek Perumahan', 'Dekat Akses Transportasi', 'Dekat Fasilitas Kesehatan', 'Dekat Tempat Ibadah']"
https://www.rumah123.com/properti/jakarta-pusat-kemayoran/townhouse-springhill-full-furnished-renovasi-hos41537403/,Townhouse Springhill Full Furnished Renovasi,"Rp 6,5 Miliar","Kemayoran, Jakarta Pusat",HGB,4 + 1,3 + 1,2,LT:  153 m²,LB:  400 m²,"['Rumah', 'Premier', 'Komplek Perumahan']"
https://www.rumah123.com/properti/jakarta-pusat-kemayoran/townhouse-springhill-full-furnished-renovasi-full-bebas-bocor-hos17482901/,Townhouse Springhill Golf Residence Royalton Kemayoran Griya Inti Sunter,"Rp 6,5 Miliar","Kemayoran, Jakarta Pusat",HGB,4 + 1,3 + 1,1 + 3,LT:  153 m²,LB:  400 m²,"['Rumah', 'Premier', 'Komplek Perumahan']"
https://www.rumah123.com/properti/jakarta-pusat-gunung-sahari/rumah-cocok-untuk-rumah-kost-jual-cepat-2-lantai-7x19-meter-di-gunung-sahari-jakarta-pusat-hos40856085/,"Rumah Cocok untuk Rumah Kost Jual Cepat 2 Lantai 7X19 Meter di Gunung Sahari, Jakarta Pusat",Rp 2 Miliar,"Gunung Sahari, Jakarta Pusat",HGB,5,2,0,LT:  135 m²,LB:  150 m²,"['Rumah', 'Premier', 'Bisa Nego', 'Siap Huni', 'Bebas Banjir']"
https://www.rumah123.com/properti/jakarta-pusat-kemayoran/town-house-springhill-tahap-1-blk-d7-luas-189m2-hoek-bagus-hos19216076/,Town House Springhill Tahap 1 Blk D7 Luas 189M2 Hoek Bagus,"Rp 6,25 Miliar","Kemayoran, Jakarta Pusat",HGB,6,4,0,LT:  189 m²,LB:  363 m²,"['Rumah', 'Premier', 'Komplek Perumahan', 'Siap Huni']"
https://www.rumah123.com/properti/jakarta-pusat-sawah-besar/lelang-rumah-di-mangga-dua-selatan-jakarta-hos39885621/,"Lelang Rumah di Mangga Dua Selatan, Jakarta","Rp 2,22 Miliar","Sawah Besar, Jakarta Pusat",HGB,1,1,0,LT:  128 m²,LB:  305 m²,"['Rumah', 'Premier', 'Lelang']"
https://www.rumah123.com/properti/jakarta-pusat-cideng/dijual-termurah-rumah-di-cideng-timur-luas-197-m2-hadap-selatan-hos40958410/,Dijual Termurah Rumah di Cideng Timur Luas 197 M2 Hadap Selatan Jual Dibawah NJOP,"Rp 4,25 Miliar","Cideng, Jakarta Pusat",HGB,4,2,1 + 2,LT:  197 m²,LB:  170 m²,"['Rumah', 'Featured', 'NJOP']"
https://www.rumah123.com/properti/jakarta-pusat-kemayoran/dijual-townhouse-springhill-golf-residence-bagus-luas-350m2-sudah-5-lantai-vr1090-hos18449064/,Dijual Townhouse Springhill Golf Residence Bagus Luas 350m2 Sudah 5 Lantai Vr1090,"Rp 5,3 Miliar","Kemayoran, Jakarta Pusat",HGB,3 + 1,4 + 1,1 + 2,LT:  153 m²,LB:  350 m²,"['Rumah', 'Featured', 'Komplek Perumahan', 'Bebas Banjir', 'Dekat Akses Transportasi']"
https://www.rumah123.com/properti/jakarta-pusat-harmoni/hotel-5-lantai-murah-di-cideng-gambir-jakarta-pusat-50-kamar-semi-furnish-hos14815812/,"Hotel 5 Lantai Murah Di Cideng Gambir Jakarta Pusat, 50 Kamar Semi Furnish","Rp 18,5 Miliar","Harmoni, Jakarta Pusat",HGB,50,50,4,LT:  339 m²,LB:  616 m²,"['Rumah', 'Bebas Banjir', 'Dekat Sekolah']"
https://www.rumah123.com/properti/jakarta-pusat-kemayoran/rumah-garden-house-rajawali-kemayoran-3-lantai-minimalis-jual-murah-hos41845827/,Rumah Garden House @ Rajawali Kemayoran 3 Lantai Minimalis Jual Murah,"Rp 2,95 Miliar","Kemayoran, Jakarta Pusat",HGB,4,4,2,LT:  145 m²,LB:  300 m²,"['Rumah', 'Siap Huni', 'Dekat Sekolah']"
https://www.rumah123.com/properti/jakarta-pusat-gunung-sahari/rumah-kost-gunung-sahari-luas-135m-hadap-selatan-ada-25-kamar-tidur-hos41544449/,Rumah Kost Gunung Sahari Luas 140M Hadap Selatan Ada 13 Kamar Tidur,"Rp 3,3 Miliar","Gunung Sahari, Jakarta Pusat",HGB,13,0,0,LT:  140 m²,LB:  694 m²,['Rumah']
https://www.rumah123.com/properti/jakarta-pusat-cempaka-putih/rumah-hitung-tanah-murah-di-kayumanis-matraman-hos41723274/,Murah!! Cocok untuk Rumah Kost Kayumanis Matraman,"Rp 2,15 Miliar","Cempaka Putih, Jakarta Pusat",HGB,5,2,2 + 2,LT:  203 m²,LB:  170 m²,"['Rumah', 'Bebas Banjir', 'Dekat Akses Transportasi']"
https://www.rumah123.com/properti/jakarta-pusat-cikini/rumah-tua-hitung-tanah-di-cikini-jakarta-pusat-strategis-nego-hos41181556/,Rumah Tua Hitung Tanah di Cikini Jakarta Pusat Strategis Nego,Rp 16 Miliar,"Cikini, Jakarta Pusat",HGB,4,2,0,LT:  356 m²,LB:  356 m²,['Rumah']
https://www.rumah123.com/properti/jakarta-pusat-tanah-abang/rumah-tua-stategis-di-tengah-kota-kebon-melati-jakpus-hos39610086/,Rumah Tua Stategis Di Tengah Kota Kebon Melati Jakpus,"Rp 8,5 Miliar","Tanah Abang, Jakarta Pusat",HGB,5 + 1,3 + 1,1 + 2,LT:  265 m²,LB:  200 m²,['Rumah']
https://www.rumah123.com/properti/jakarta-pusat-menteng/menteng-rumah-mewah-super-strategi-cocok-untuk-kantor-shgb-lt-650-m2-dijalan-penataran-menteng-jakarta-pusat-hos41831252/,Menteng - Rumah Mewah Super Strategi. Cocok untuk Kantor. Shgb LT 650 M2. Dijalan Penataran. Menteng. Jakarta Pusat,"Rp 33,6 Miliar","Menteng, Jakarta Pusat",HGB,5,5,4 + 1,LT:  650 m²,LB:  910 m²,"['Rumah', 'Bebas Banjir', 'Dekat Pusat Perbelanjaan', 'Lelang']"
https://www.rumah123.com/properti/jakarta-pusat-cempaka-putih/rumah-hook-hitung-tanah-dalam-komplek-kawasan-cempaka-putih-hos41604952/,Rumah Hook Hitung Tanah Dalam Komplek Kawasan Cempaka Putih,"Rp 9,25 Miliar","Cempaka Putih, Jakarta Pusat",HGB,5,5,0,LT:  506 m²,LB:  291 m²,"['Rumah', 'Komplek Perumahan', 'Bisa Nego', 'Dekat Akses Transportasi', 'Dekat Sekolah', 'Dekat Tempat Ibadah']"
https://www.rumah123.com/properti/jakarta-pusat-tanah-abang/dijual-murah-rumah-tua-hitung-tanah-sudah-tidak-ada-bangunan-dibawah-njop-lokasi-kampung-bali-tanah-abang-hos41825949/,Dijual Murah Rumah Tua Hitung Tanah Sudah Tidak Ada Bangunan Dibawah NJOP Lokasi Kampung Bali .Tanah Abang,Rp 850 Juta,"Tanah Abang, Jakarta Pusat",HGB,0,0,0,LT:  77 m²,LB:  77 m²,"['Rumah', 'NJOP']"
https://www.rumah123.com/properti/jakarta-pusat-kebon-sirih/ruko-besar-4-lantai-hanya-selangkah-ke-sudirman-jl-jaksa-no7c-kel-kebon-sirih-kec-menteng-jakarta-pusat-hos41695863/,"Ruko Besar 4 Lantai Hanya Selangkah ke Sudirman. Jl. Jaksa No.7c, Kel. Kebon Sirih, Kec. Menteng, Jakarta Pusat","Rp 5,1 Miliar","Kebon Sirih, Jakarta Pusat",HGB,5 + 1,4 + 1,1 + 6,LT:  727 m²,LB:  1000 m²,"['Rumah', 'Dekat Sekolah', 'Clean & Clear', 'Lelang']"
https://www.rumah123.com/properti/jakarta-pusat-menteng/rumahangka-hokie-lokasi-strategis-harga-murah-hos41249601/,Rumahangka Hokie Lokasi Strategis Harga Murah,Rp 13 Miliar,"Menteng, Jakarta Pusat",HGB,6,5,2,LT:  175 m²,LB:  350 m²,"['Rumah', 'Dekat Akses Transportasi', 'Dekat Pusat Perbelanjaan']"
https://www.rumah123.com/properti/jakarta-pusat-thamrin/rumah-townhouse-di-atas-mall-thamrin-jakarta-pusat-hos40514369/,Rumah Townhouse Di Atas Mall Thamrin Jakarta Pusat,"Rp 5,8 Miliar","Thamrin, Jakarta Pusat",HGB,4 + 1,3 + 1,0,LT:  120 m²,LB:  250 m²,"['Rumah', 'Komplek Perumahan', 'Dekat Akses Transportasi', 'Dekat Pusat Perbelanjaan', 'Dekat Sekolah', 'Dekat Landmark']"
https://www.rumah123.com/properti/jakarta-pusat-cempaka-putih/dijual-rumah-2-lantai-terawat-di-cempaka-putih-jakarta-timur-hos17129747/,Dijual Rumah 2 Lantai Terawat di Cempaka Putih Jakarta Timur,Rp 12 Miliar,"Cempaka Putih, Jakarta Pusat",HGB,6 + 2,4 + 2,2 + 2,LT:  506 m²,LB:  400 m²,['Rumah']
https://www.rumah123.com/properti/jakarta-pusat-cempaka-putih/rumah-semi-furnished-bagus-di-cempaka-putih-tengah-hgb-hak-guna-bangun-di-jl-cempaka-putih-tengah-cempaka-putih-hgb-hos15561245/,"Rumah Semi Furnished Bagus Di Cempaka Putih Tengah HGB- Hak Guna Bangun Di Jl. Cempaka Putih Tengah , Cempaka Putih Hgb",Rp 25 Miliar,"Cempaka Putih, Jakarta Pusat",HGB,5 + 1,3 + 1,2 + 4,LT:  664 m²,LB:  400 m²,['Rumah']
https://www.rumah123.com/properti/jakarta-pusat-menteng/rumah-menteng-hanya-600-meter-dar-bunderah-hi-jl-yusuf-adi-winata-no42a-kel-gondangdia-kecmenteng-kota-jakarta-pusat-hos41782034/,Rumah Menteng Hanya 600 Meter Dar Bunderah Hi. Jl. Yusuf Adi Winata No.42-A Kel. Gondangdia Kec.menteng Kota Jakarta Pusat,Rp 16 Miliar,"Menteng, Jakarta Pusat",HGB,3 + 1,2 + 1,2 + 2,LT:  219 m²,LB:  100 m²,"['Rumah', 'Dekat Sekolah', 'Clean & Clear', 'Lelang']"
https://www.rumah123.com/properti/jakarta-pusat-menteng/wilayah-komersil-aktif-menteng-selangkah-dari-rscm-jl-penataran-kelpegangsaan-kec-menteng-kota-jakarta-pusat-hos41781847/,Wilayah Komersil Aktif Menteng Selangkah Dari Rscm. Jl. Penataran Kel.pegangsaan Kec. Menteng Kota Jakarta Pusat,Rp 35 Miliar,"Menteng, Jakarta Pusat",HGB,5 + 1,4 + 1,4 + 4,LT:  650 m²,LB:  300 m²,"['Rumah', 'Dekat Sekolah', 'Clean & Clear', 'Lelang']"
https://www.rumah123.com/properti/jakarta-pusat-kemayoran/rumah-cantik-springhill-4-lantai-dengan-lift-hos17487194/,Rumah Cantik Springhill 4 Lantai dengan Lift,"Rp 6,5 Miliar","Kemayoran, Jakarta Pusat",HGB,4 + 1,3 + 1,2 + 2,LT:  153 m²,LB:  400 m²,"['Rumah', 'Komplek Perumahan', 'Dekat Akses Transportasi']"
https://www.rumah123.com/properti/jakarta-pusat-sawah-besar/dijual-rumah-komersial-rajawali-raya-dgn-sertifikat-hgb-murni-hos17661104/,Dijual Rumah Komersial Rajawali Raya Dgn Sertifikat HGB Murni,"Rp 16,5 Miliar","Sawah Besar, Jakarta Pusat",HGB,7 + 2,4 + 2,2 + 2,LT:  533 m²,LB:  600 m²,"['Rumah', 'Dekat Akses Transportasi']"
https://www.rumah123.com/properti/jakarta-pusat-kemayoran/golf-residence-kemayoran-posisi-huk-ada-taman-samping-rumah-hos41189996/,Golf Residence Kemayoran Posisi Huk Ada Taman Samping Rumah,"Rp 5,5 Miliar","Kemayoran, Jakarta Pusat",HGB,3,2,1 + 1,LT:  198 m²,LB:  240 m²,"['Rumah', 'Komplek Perumahan']"
https://www.rumah123.com/properti/jakarta-pusat-bendungan-hilir/dijual-cepat-rumah-palmerah-residence-nyaman-asri-strategis-hos14896452/,"Dijual Cepat! Rumah Palmerah Residence - Nyaman, Asri & Strategis !","Rp 7,5 Miliar","Bendungan Hilir, Jakarta Pusat",HGB,7 + 1,7 + 1,2 + 2,LT:  206 m²,LB:  655 m²,"['Rumah', 'Komplek Perumahan', 'Bebas Banjir', 'Dekat Pusat Perbelanjaan']"
https://www.rumah123.com/properti/jakarta-pusat-kemayoran/dijual-townhouse-springhill-golf-residence-4-lantai-furnished-vr1069-hos17501418/,Dijual Townhouse Springhill Golf Residence 4 Lantai Furnished Vr1069,"Rp 6,5 Miliar","Kemayoran, Jakarta Pusat",HGB,4 + 1,3 + 1,1 + 2,LT:  153 m²,LB:  400 m²,"['Rumah', 'Komplek Perumahan', 'Bisa Nego']"
https://www.rumah123.com/properti/jakarta-pusat-kemayoran/dijual-townhouse-springhill-golf-residence-11x25-4-lantai-vr851-hos10973794/,Dijual Townhouse Springhill Golf Residence 11x25 4 Lantai vr851,Rp 12 Miliar,"Kemayoran, Jakarta Pusat",HGB,3 + 1,3 + 1,4,LT:  275 m²,LB:  390 m²,"['Rumah', 'Komplek Perumahan', 'Bebas Banjir', 'Dekat Sekolah']"
https://www.rumah123.com/properti/jakarta-pusat-kramat/rumah-asri-jalan-lebar-bebas-banjir-area-jl-kramat-jakarta-pusat-hos40638506/,"Rumah Asri Jalan Lebar Bebas Banjir area Jl. Kramat, Jakarta Pusat",Rp 9 Miliar,"Kramat, Jakarta Pusat",HGB,7,5,4,LT:  400 m²,LB:  600 m²,"['Rumah', 'Bebas Banjir', 'Dekat Akses Transportasi', 'Dekat Sekolah', 'Dekat Fasilitas Kesehatan']"
https://www.rumah123.com/properti/jakarta-pusat-cempaka-putih/rumah-kost-dan-guest-house-exclusive-61-kamar-di-cempaka-putih-hos17924098/,Rumah Kost Dan Guest House Exclusive 61 Kamar Di Cempaka Putih,Rp 18 Miliar,"Cempaka Putih, Jakarta Pusat",HGB,61 + 2,61 + 1,8,LT:  695 m²,LB:  1800 m²,"['Rumah', 'Komplek Perumahan', 'Bebas Banjir']"
https://www.rumah123.com/properti/jakarta-pusat-cikini/dijual-rumah-tuatanahcikini-hos41263553/,Dijual Rumah Tua.tanah.cikini,Rp 16 Miliar,"Cikini, Jakarta Pusat",HGB,3,1,1 + 2,LT:  356 m²,LB:  200 m²,['Rumah']
https://www.rumah123.com/properti/jakarta-pusat-cikini/dijualrumahtingkat-cikini-hos41263571/,Dijual.rumah.tingkat Cikini,Rp 19 Miliar,"Cikini, Jakarta Pusat",HGB,4,3,1 + 2,LT:  434 m²,LB:  600 m²,['Rumah']
https://www.rumah123.com/properti/jakarta-pusat-bungur/tanah-area-bisnis-hos14531934/,tanah area bisnis,Rp 3 Miliar,"Bungur, Jakarta Pusat",HGB,5,3 + 2,0,LT:  147 m²,LB:  80 m²,['Rumah']
https://www.rumah123.com/properti/jakarta-pusat-kemayoran/rumah-spring-hill-4-lt-siap-huni-hos12768923/,Rumah Spring Hill 4 LT Siap Huni,"Rp 5,8 Miliar","Kemayoran, Jakarta Pusat",HGB,3 + 1,4 + 1,3,LT:  120 m²,LB:  400 m²,"['Rumah', 'Siap Huni', 'Dekat Akses Transportasi']"
https://www.rumah123.com/properti/jakarta-pusat-kemayoran/town-house-springhill-kemayoran-jakarta-uk-10x30-m2-bagus-view-golf-ada-gym-karaoke-lantai-marmer-renov-sangat-bagus-hos40559361/,Town House Springhill Kemayoran Jakarta Uk 10x30 M2 Bagus View Golf Ada Gym Karaoke Lantai Marmer Renov Sangat Bagus,Rp 15 Miliar,"Kemayoran, Jakarta Pusat",HGB,4,5,2 + 2,LT:  300 m²,LB:  700 m²,"['Rumah', 'Komplek Perumahan']"
https://www.rumah123.com/properti/jakarta-pusat-kemayoran/dijual-rumah-di-kemayoran-uk11x17m2-hadap-timur-jakarta-pusat-hos41826581/,"Dijual Rumah di Kemayoran, Uk11x17m2 , Hadap Timur , Jakarta Pusat","Rp 3,3 Miliar","Kemayoran, Jakarta Pusat",HGB,5,4,1 + 2,LT:  187 m²,LB:  364 m²,['Rumah']
https://www.rumah123.com/properti/jakarta-pusat-cempaka-putih/dijual-rumah-tua-hook-cempaka-putih-tanah-luas-termurah-strategis-bebas-banjir-hos41389649/,Dijual Rumah Tua Hook Cempaka Putih Tanah Luas Termurah Strategis Bebas Banjir,"Rp 9,25 Miliar","Cempaka Putih, Jakarta Pusat",HGB,5 + 1,3 + 1,2,LT:  506 m²,LB:  291 m²,"['Rumah', 'Bisa Nego', 'Bebas Banjir', 'Dekat Akses Transportasi', 'Dekat Sekolah', 'Dekat Tempat Ibadah']"
https://www.rumah123.com/properti/jakarta-pusat-kemayoran/murah-rumah-lt-251-m2-hitung-tanah-jalan-angkasa-1-kemayoran-jakarta-pusat-dibawah-njop-hos17015297/,Murah Rumah Lt 251 M2 Hitung Tanah Jalan Angkasa 1 Kemayoran Jakarta Pusat Dibawah NJOP,"Rp 3,35 Miliar","Kemayoran, Jakarta Pusat",HGB,3,2,1,LT:  251 m²,LB:  100 m²,"['Rumah', 'NJOP', 'Dekat Sekolah']"
https://www.rumah123.com/properti/jakarta-pusat-bendungan-hilir/rumah-kost-benhil-45-kamar-bendungan-hilir-semanggi-jakarta-pusat-hos18454050/,"Rumah Kost Benhil 45 Kamar, Bendungan Hilir, Semanggi, Jakarta Pusat","Rp 13,5 Miliar","Bendungan Hilir, Jakarta Pusat",HGB,45,45,2,LT:  256 m²,LB:  700 m²,"['Rumah', 'Dekat Akses Transportasi', 'Dekat Pusat Perbelanjaan', 'Dekat Sekolah', 'Dekat Fasilitas Kesehatan', 'Dekat Landmark']"
https://www.rumah123.com/properti/jakarta-pusat-kemayoran/rumah-murah-dibawah-njop-bisa-untuk-usaha-kepu-selatan-kemayoran-hos39783590/,Rumah Murah Dibawah NJOP bisa untuk Usaha Kepu Selatan Kemayoran,"Rp 8,5 Miliar","Kemayoran, Jakarta Pusat",HGB,4 + 1,4 + 1,2 + 3,LT:  410 m²,LB:  400 m²,"['Rumah', 'NJOP', 'Dekat Akses Transportasi', 'Dekat Sekolah']"
https://www.rumah123.com/properti/jakarta-pusat-kemayoran/rumah-golf-residence-kemayoran-for-sale-hos19090566/,Rumah Golf Residence Kemayoran For Sale,"Rp 4,9 Miliar","Kemayoran, Jakarta Pusat",HGB,3 + 1,2 + 1,1 + 1,LT:  144 m²,LB:  200 m²,"['Rumah', 'Komplek Perumahan', 'Dekat Akses Transportasi']"
https://www.rumah123.com/properti/jakarta-pusat-sawah-besar/hunian-tengah-kota-cocok-untuk-kosan-gunung-sahari-sawah-besar-jakarta-hos40935367/,Gunung Sahari. Rumah Tua Harga Tanah Cocok untuk Kost An.,"Rp 2,3 Miliar","Sawah Besar, Jakarta Pusat",HGB,2,2,0,LT:  200 m²,LB:  244 m²,['Rumah']
https://www.rumah123.com/properti/jakarta-pusat-gunung-sahari/gunung-sahari-jual-cepat-rumah-tua-hitung-tanah-saja-cocok-untuk-kos-hos39828497/,"Gunung Sahari. Jual cepat, rumah tua hitung tanah saja. Cocok untuk kos.","Rp 2,3 Miliar","Gunung Sahari, Jakarta Pusat",HGB,2,1,0,LT:  244 m²,LB:  200 m²,['Rumah']
https://www.rumah123.com/properti/jakarta-pusat-cempaka-putih/rumah-hitung-tanah-di-cempaka-putih-timur-posisi-hook-hos41775006/,Rumah Hitung Tanah di Cempaka Putih Timur Posisi Hook,"Rp 9,25 Miliar","Cempaka Putih, Jakarta Pusat",HGB,5,3,2,LT:  506 m²,LB:  291 m²,"['Rumah', 'Dekat Akses Transportasi', 'Dekat Sekolah', 'Dekat Tempat Ibadah']"
https://www.rumah123.com/properti/jakarta-pusat-gunung-sahari/abdi-gunsa-estate-oasis-di-jakpus-15-menit-ke-monas-free-biaya-hos11810199/,"Abdi Gunsa Estate, Oasis di Jakpus, 15 Menit Ke Monas, Free Biaya","Rp 1,27 Miliar","Gunung Sahari, Jakarta Pusat",HGB,3,3,1,LT:  25 m²,LB:  90 m²,"['Rumah', 'Bebas Banjir', 'Dekat Pusat Perbelanjaan', 'Dekat Sekolah']"
https://www.rumah123.com/properti/jakarta-pusat-kemayoran/jual-cepat-rumah-minimalis-rapih-ada-lift-di-springhill-golf-nego-hos39956752/,"Jual Cepat, Rumah Minimalis Rapih Ada Lift Di Springhill Golf, Nego","Rp 4,4 Miliar","Kemayoran, Jakarta Pusat",HGB,3 + 1,3 + 1,0,LT:  120 m²,LB:  1 m²,['Rumah']
https://www.rumah123.com/properti/jakarta-pusat-kemayoran/jual-cepat-rumah-siap-pakai-di-rajawali-selatan-raya-zona-komersial-hos39380257/,"Jual Cepat Rumah Siap Pakai Di Rajawali Selatan Raya, Zona Komersial",Rp 14 Miliar,"Kemayoran, Jakarta Pusat",HGB,5,3,2 + 1,LT:  555 m²,LB:  400 m²,"['Rumah', 'Bisa Nego', 'Siap Huni', 'Bebas Banjir']"
https://www.rumah123.com/properti/jakarta-pusat-tanah-abang/dijual-rumah-tua-harga-dibawah-njoplokasi-strategis-i-hos41401100/,Dijual Rumah Tua Harga Dibawah Njop.lokasi Strategis I,Rp 850 Juta,"Tanah Abang, Jakarta Pusat",HGB,0,0,0,LT:  77 m²,LB:  77 m²,"['Rumah', 'NJOP']"
https://www.rumah123.com/properti/jakarta-pusat-sawah-besar/dijual-rumah-mewah-di-jakarta-pusat-hos40690677/,Dijual Rumah Mewah di Jakarta Pusat,"Rp 3,84 Miliar","Sawah Besar, Jakarta Pusat",HGB,4,3,1 + 2,LT:  132 m²,LB:  132 m²,['Rumah']
https://www.rumah123.com/properti/jakarta-pusat-kartini/rumah-tua-kartini-hos18250575/,Rumah Tua Kartini,"Rp 2,5 Miliar","Kartini, Jakarta Pusat",HGB,5,3,1,LT:  120 m²,LB:  120 m²,['Rumah']
https://www.rumah123.com/properti/jakarta-pusat-cempaka-putih/di-jual-cepat-rumah-siap-huni-3-kamar-tidur-hos41361404/,Harga Murah Rumah di Cempaka Putih di Jual Cepat,"Rp 1,5 Miliar","Cempaka Putih, Jakarta Pusat",HGB,3,2,1,LT:  78 m²,LB:  117 m²,"['Rumah', 'Siap Huni']"
https://www.rumah123.com/properti/jakarta-pusat-cempaka-putih/turun-harga-ruko-cempaka-mas-siap-huni-hos17510822/,Turun harga ruko cempaka mas siap huni,"Rp 3,4 Miliar","Cempaka Putih, Jakarta Pusat",HGB,0,0,1,LT:  55 m²,LB:  120 m²,"['Rumah', 'Siap Huni']"
https://www.rumah123.com/properti/jakarta-pusat-kemayoran/rumah-mewah-springhill-residence-golf-view-kemayoran-harga-paling-good-deal-hos41319831/,Rumah Mewah Springhill Residence Golf View Kemayoran Harga Paling Good Deal,"Rp 5,2 Miliar","Kemayoran, Jakarta Pusat",HGB,5,4,2,LT:  153 m²,LB:  500 m²,"['Rumah', 'Komplek Perumahan']"
https://www.rumah123.com/properti/jakarta-pusat-sumur-batu/dijual-bu-murah-rumah-jlintan-sumur-batu-jakpus-hos41688533/,Dijual Bu Murah Rumah Jl.intan - Sumur Batu .Jak-Pus,"Rp 1,25 Miliar","Sumur Batu, Jakarta Pusat",HGB,2,2,1,LT:  50 m²,LB:  100 m²,"['Rumah', 'Bisa Nego', 'Siap Huni', 'Bebas Banjir']"
https://www.rumah123.com/properti/jakarta-pusat-menteng/rumah-hitung-tanah-di-jl-garut-menteng-hos41847298/,"Rumah Hitung Tanah di Jl Garut, Menteng","Rp 29,5 Miliar","Menteng, Jakarta Pusat",HGB,0,0,0,LT:  544 m²,LB:  148 m²,['Rumah']
https://www.rumah123.com/properti/jakarta-pusat-menteng/rumah-era-kolonial-luas-di-lingkungan-elite-di-jl-sukabumi-menteng-hos41847264/,"Rumah Era Kolonial Luas di Lingkungan Elite di Jl Sukabumi, Menteng","Rp 37,7 Miliar","Menteng, Jakarta Pusat",HGB,0,0,0,LT:  689 m²,LB:  147 m²,['Rumah']
https://www.rumah123.com/properti/jakarta-pusat-gunung-sahari/town-house-3-lantai-semi-furnished-di-gunung-sahari-jakarta-pusat-hos41846168/,Town House 3 Lantai Semi Furnished di Gunung Sahari Jakarta Pusat,"Rp 2,95 Miliar","Gunung Sahari, Jakarta Pusat",HGB,6,7,0,LT:  140 m²,LB:  288 m²,"['Rumah', 'Komplek Perumahan', 'Dekat Akses Transportasi', 'Dekat Pusat Perbelanjaan']"
https://www.rumah123.com/properti/jakarta-pusat-gunung-sahari/town-house-3-lantai-semi-furnished-di-gunung-sahari-jakarta-pusat-hos41844947/,Town House 3 Lantai Semi Furnished di Gunung Sahari Jakarta Pusat,"Rp 2,95 Miliar","Gunung Sahari, Jakarta Pusat",HGB,6,7,0,LT:  140 m²,LB:  288 m²,"['Rumah', 'Komplek Perumahan', 'Dekat Akses Transportasi', 'Dekat Pusat Perbelanjaan']"
https://www.rumah123.com/properti/jakarta-pusat-kemayoran/rumah-di-jl-tabing-kemayoran-200m2-jarang-adastrategiskode-lwds-hos41844725/,"Rumah di Jl Tabing Kemayoran 200M2 Jarang Ada,Strategis,Kode Lw,Ds",Rp 4 Miliar,"Kemayoran, Jakarta Pusat",HGB,3,2,0,LT:  200 m²,LB:  200 m²,['Rumah']
https://www.rumah123.com/properti/jakarta-pusat-gunung-sahari/rumah-strategis-di-gunung-sahari-utara-jakarta-pusat-hos41842253/,"Rumah Strategis di Gunung Sahari Utara, Jakarta Pusat","Rp 2,95 Miliar","Gunung Sahari, Jakarta Pusat",HGB,6,7,0,LT:  140 m²,LB:  288 m²,"['Rumah', 'Komplek Perumahan', 'Dekat Akses Transportasi', 'Dekat Pusat Perbelanjaan']"
https://www.rumah123.com/properti/jakarta-pusat-kemayoran/rumah-royalton-residence-kemayoran-jakarta-pusat-hos41841902/,"Rumah Royalton Residence Kemayoran, Jakarta Pusat","Rp 9,5 Miliar","Kemayoran, Jakarta Pusat",HGB,4,5,0,LT:  200 m²,LB:  335 m²,"['Rumah', 'Komplek Perumahan']"
https://www.rumah123.com/properti/jakarta-pusat-kemayoran/rumah-royalton-residence-kemayoran-jakarta-pusat-hos41841828/,"Rumah Royalton Residence, Kemayoran, Jakarta Pusat","Rp 7,5 Miliar","Kemayoran, Jakarta Pusat",HGB,4,5,0,LT:  200 m²,LB:  640 m²,"['Rumah', 'Komplek Perumahan']"
https://www.rumah123.com/properti/jakarta-pusat-cempaka-putih/rumah-cempaka-putih-timur-raya-cempaka-putih-jakarta-pusat-hos41841750/,"Rumah Cempaka Putih Timur Raya Cempaka Putih, Jakarta Pusat","Rp 4,5 Miliar","Cempaka Putih, Jakarta Pusat",HGB,3,3,1,LT:  250 m²,LB:  220 m²,"['Rumah', 'Bebas Banjir', 'Dekat Akses Transportasi']"
https://www.rumah123.com/properti/jakarta-pusat-menteng/rumah-sindanglaya-menteng-jakarta-pusat-hos41841699/,"Rumah Sindanglaya Menteng, Jakarta Pusat",Rp 39 Miliar,"Menteng, Jakarta Pusat",HGB,12,4,0,LT:  827 m²,LB:  6195 m²,"['Rumah', 'Siap Huni']"
https://www.rumah123.com/properti/jakarta-pusat-kemayoran/rumah-springhill-residence-palmhill-kemayoran-jakarta-pusat-hos41841663/,"Rumah Springhill Residence Palmhill Kemayoran, Jakarta Pusat",Rp 7 Miliar,"Kemayoran, Jakarta Pusat",HGB,4,4,3,LT:  120 m²,LB:  480 m²,"['Rumah', 'Komplek Perumahan', 'Siap Huni']"
https://www.rumah123.com/properti/jakarta-pusat-kemayoran/rumah-siap-huni-2-lantai-di-kemayoran-jakarta-pusat-hos41841340/,"Rumah Siap Huni 2 Lantai di Kemayoran, Jakarta Pusat","Rp 3,3 Miliar","Kemayoran, Jakarta Pusat",HGB,5,4,2,LT:  154 m²,LB:  350 m²,"['Rumah', 'Komplek Perumahan', 'Siap Huni', 'Dekat Akses Transportasi']"
https://www.rumah123.com/properti/jakarta-pusat-hayam-wuruk/200-meter-dari-raya-hayam-wuruk-di-jl-sukarjo-wiryopranoto-maphar-taman-sari-kota-jakarta-barat-dki-jakarta-indonesia-hos40244594/,"Harga Dibawah NJOP. 200 Meter Dari Raya Hayam Wuruk. di Jl. Sukarjo Wiryopranoto, Maphar, Taman Sari, Kota Jakarta Barat, Dki Jakarta, Indonesia, 11160, Hayam Wuruk","Rp 1,9 Miliar","Hayam Wuruk, Jakarta Pusat",HGB,4 + 1,3 + 1,1 + 2,LT:  55 m²,LB:  250 m²,"['Rumah', 'NJOP', 'Dekat Sekolah', 'Clean & Clear', 'Lelang']"
https://www.rumah123.com/properti/jakarta-pusat-gambir/rumah-tua-murah-di-jl-kesehatanpetojo-selatangambirjakpus-hos41804140/,"Rumah Tua Murah di Jl Kesehatan.petojo Selatan,Gambir,Jakpus","Rp 13,4 Miliar","Gambir, Jakarta Pusat",HGB,1,1,0,LT:  414 m²,LB:  340 m²,"['Rumah', 'Dekat Sekolah', 'Clean & Clear', 'Lelang']"
https://www.rumah123.com/properti/jakarta-pusat-menteng/rumah-tua-murah-di-jl-yusuf-adi-winatagondangdiamentengjakpus-hos41804098/,"Rumah Tua Murah di Jl Yusuf Adi Winata,Gondangdia,Menteng,Jakpus","Rp 15,3 Miliar","Menteng, Jakarta Pusat",HGB,1,1,0,LT:  219 m²,LB:  200 m²,"['Rumah', 'Dekat Sekolah', 'Clean & Clear', 'Lelang']"
https://www.rumah123.com/properti/jakarta-pusat-menteng/rumah-murah-2lt-di-jl-penataranpegangsaanmentengjakpus-hos41804039/,"Rumah Murah 2Lt di Jl Penataran,Pegangsaan,Menteng,Jakpus","Rp 33,6 Miliar","Menteng, Jakarta Pusat",HGB,4,3,0,LT:  650 m²,LB:  500 m²,"['Rumah', 'Dekat Sekolah', 'Clean & Clear', 'Lelang']"
https://www.rumah123.com/properti/jakarta-pusat-kemayoran/rumah-3-lantai-cocok-buat-kantor-kos-reddorz-warehouse-di-komplek-angkasa-pura-jalan-apron-blok-k-no45-kebon-kosong-hos41050778/,"Rumah 3 Lantai Cocok Buat Kantor Kos Reddorz Warehouse. di Komplek Angkasa Pura, Jalan Apron Blok K No.45, Kebon Kosong, Kemayoran, Kota Jakarta Pusat, Dki Jakarta, Indonesia, 10630, Kemayoran","Rp 3,7 Miliar","Kemayoran, Jakarta Pusat",HGB,6 + 1,3 + 1,1 + 2,LT:  120 m²,LB:  300 m²,"['Rumah', 'Dekat Sekolah', 'Dekat Tempat Ibadah', 'Clean & Clear', 'Lelang']"
https://www.rumah123.com/properti/jakarta-pusat-gambir/dijual-segera-rumah-dibawah-njop-di-cideng-gambir-jakarta-pusat-hos41799293/,"Dijual Segera Rumah Dibawah NJOP di Cideng, Gambir, Jakarta Pusat","Rp 5,5 Miliar","Gambir, Jakarta Pusat",HGB,4 + 1,3 + 1,1,LT:  197 m²,LB:  170 m²,"['Rumah', 'NJOP']"
https://www.rumah123.com/properti/jakarta-pusat-cideng/jual-cepat-daerah-roxy-cideng-hos19428861/,Jual Cepat Daerah Roxy Cideng,"Rp 2,6 Miliar","Cideng, Jakarta Pusat",HGB,3,3,0,LT:  81 m²,LB:  202 m²,['Rumah']
https://www.rumah123.com/properti/jakarta-pusat-kemayoran/dijual-town-house-springhill-siap-huni-hos19436943/,Dijual Town House Springhill Siap Huni,"Rp 4,2 Miliar","Kemayoran, Jakarta Pusat",HGB,3 + 1,3 + 1,1 + 2,LT:  120 m²,LB:  300 m²,"['Rumah', 'Komplek Perumahan', 'Bisa Nego', 'Siap Huni', 'Bebas Banjir']"
https://www.rumah123.com/properti/jakarta-pusat-bendungan-hilir/for-sale-rumah-hitung-tanah-murah-lokasi-bagus-bendungan-hilir-jakarta-pusat-hos41758792/,For Sale Rumah Hitung Tanah Murah Lokasi Bagus Bendungan Hilir Jakarta Pusat,"Rp 3,5 Miliar","Bendungan Hilir, Jakarta Pusat",HGB,3,1,1 + 1,LT:  114 m²,LB:  110 m²,['Rumah']
https://www.rumah123.com/properti/jakarta-pusat-menteng/rumah-di-menteng-area-komersial-bisa-bangun-6-lantai-jalan-utama-hos19047558/,"Rumah di Menteng, Area Komersial Bisa Bangun 6 Lantai, Jalan Utama",Rp 28 Miliar,"Menteng, Jakarta Pusat",HGB,6 + 1,4 + 1,2 + 2,LT:  646 m²,LB:  455 m²,"['Rumah', 'Dekat Sekolah', 'Dekat Fasilitas Kesehatan', 'Dekat Tempat Ibadah']"
https://www.rumah123.com/properti/jakarta-pusat-kartini/rumah-di-kartini-hos17260474/,Rumah di Kartini,"Rp 2,1 Miliar","Kartini, Jakarta Pusat",HGB,0,0,0,LT:  96 m²,LB:  86 m²,['Rumah']
https://www.rumah123.com/properti/jakarta-pusat-kemayoran/jual-rumah-keluarga-di-springhill-kemayoran-fully-furnished-ada-lift-hos41755001/,(Jual) Rumah Keluarga di Springhill Kemayoran. Fully Furnished. Ada Lift.,"Rp 5,1 Miliar","Kemayoran, Jakarta Pusat",HGB,3 + 1,2 + 1,2,LT:  119 m²,LB:  300 m²,"['Rumah', 'Komplek Perumahan', 'Bisa Nego']"
https://www.rumah123.com/properti/jakarta-pusat-bungur/di-jual-rumah-tua-butuh-renovasi-total-daerah-bungur-besar-jakarta-pusat-hos41753419/,Di Jual Rumah Tua Butuh Renovasi Total Daerah Bungur Besar Jakarta Pusat,Rp 1 Miliar,"Bungur, Jakarta Pusat",HGB,4,2,1,LT:  130 m²,LB:  100 m²,"['Rumah', 'Dekat Akses Transportasi']"
https://www.rumah123.com/properti/jakarta-pusat-pegangsaan/turun-harga-rumah-pavilion-di-pegangsaan-hitung-tanah-hos38920599/,Turun Harga! Rumah Pavilion di Pegangsaan - Hitung Tanah.,Rp 11 Miliar,"Pegangsaan, Jakarta Pusat",HGB,4,2,4,LT:  1413 m²,LB:  324 m²,"['Rumah', 'Bisa Nego', 'Siap Huni', 'Bebas Banjir', 'Dekat Akses Transportasi', 'Dekat Sekolah', 'Dekat Tempat Ibadah']"
https://www.rumah123.com/properti/jakarta-pusat-senen/jual-murah-banget-rumah-tua-hitung-tanah-di-kramat-senen-hos40298802/,Jual Murah banget Rumah Tua Hitung Tanah di Kramat senen,"Rp 2,55 Miliar","Senen, Jakarta Pusat",HGB,2,1,0,LT:  208 m²,LB:  192 m²,['Rumah']
https://www.rumah123.com/properti/jakarta-pusat-percetakan-negara/dijual-rumah-kos-22-kamar-di-percetakan-negara-hos41704455/,Dijual Rumah Kos 22 Kamar di Percetakan Negara,Rp 10 Miliar,"Percetakan Negara, Jakarta Pusat",HGB,22,19,2,LT:  309 m²,LB:  800 m²,['Rumah']
https://www.rumah123.com/properti/jakarta-pusat-kemayoran/rumah-exclusive-lokasi-kemayoran-harga-nego-sampai-deal-73782-yos-hos41709996/,Rumah Exclusive Lokasi Kemayoran Harga Nego Sampai Deal 73782 Yos,Rp 12 Miliar,"Kemayoran, Jakarta Pusat",HGB,7 + 1,5 + 1,1,LT:  585 m²,LB:  300 m²,"['Rumah', 'Komplek Perumahan', 'Bisa Nego', 'Siap Huni', 'Dekat Akses Transportasi', 'Dekat Tempat Ibadah']"
https://www.rumah123.com/properti/jakarta-pusat-kartini/rumah-1-lantai-kartini-jakarta-pusat-dekat-mall-prj-kemayoran-tol-hos41670482/,Rumah 1 Lantai Kartini Jakarta Pusat Dekat Mall Toll Prj Busway,Rp 6 Miliar,"Kartini, Jakarta Pusat",HGB,6,4,1,LT:  296 m²,LB:  219 m²,"['Rumah', 'Dekat Akses Transportasi', 'Dekat Pusat Perbelanjaan']"
https://www.rumah123.com/properti/jakarta-pusat-kartini/dijual-rumah-2-lantai-di-kartini-jakarta-pusat-hos41415056/,"Dijual Rumah 2 Lantai di Kartini, Jakarta Pusat","Rp 2,3 Miliar","Kartini, Jakarta Pusat",HGB,3,3,1,LT:  99 m²,LB:  180 m²,"['Rumah', 'Bisa Nego', 'Dekat Fasilitas Kesehatan']"
https://www.rumah123.com/properti/jakarta-pusat-kemayoran/springhill-town-house-siap-huni-di-kemayoran-jakarta-pusat-hos39687626/,"Springhill Town House Siap Huni Di Kemayoran, Jakarta Pusat",Rp 6 Miliar,"Kemayoran, Jakarta Pusat",HGB,6 + 1,3 + 1,1,LT:  153 m²,LB:  360 m²,"['Rumah', 'Komplek Perumahan', 'Siap Huni']"
https://www.rumah123.com/properti/jakarta-pusat-gambir/dijual-rumah-murah-2-lt-dibawah-hrga-pasar-cideng-jakarta-pusat-hos39659373/,Dijual Rumah Murah 2 Lt Dibawah Hrga Pasar Cideng Jakarta Pusat,Rp 8 Miliar,"Gambir, Jakarta Pusat",HGB,7,3,1 + 1,LT:  258 m²,LB:  300 m²,"['Rumah', 'Bisa Nego', 'Bebas Banjir', 'Dekat Akses Transportasi', 'Dekat Sekolah']"
https://www.rumah123.com/properti/jakarta-pusat-menteng/rumahtuajalan-surabaya-hgb580mfisik750m-hos41618611/,"Rumahtua/,Jalan Surabaya Hgb580m²/Fisik750m²",Rp 45 Miliar,"Menteng, Jakarta Pusat",HGB,5,2,2 + 4,LT:  580 m²,LB:  500 m²,['Rumah']
https://www.rumah123.com/properti/jakarta-pusat-cempaka-putih/rumah-hitung-tanah-lokasi-cempaka-putih-barat-hos41617580/,Rumah Hitung Tanah Lokasi Cempaka Putih Barat,"Rp 2,7 Miliar","Cempaka Putih, Jakarta Pusat",HGB,3,2,1,LT:  135 m²,LB:  100 m²,['Rumah']
https://www.rumah123.com/properti/jakarta-pusat-menteng/turun-harga-cik-ditiro-1-residence-menteng-apartment-3bedroom-hos40688159/,Turun Harga Cik Ditiro 1 Residence Menteng Apartment 3Bedroom,"Rp 5,2 Miliar","Menteng, Jakarta Pusat",HGB,3,2,1,LT:  138 m²,LB:  138 m²,"['Rumah', 'Komplek Perumahan']"
https://www.rumah123.com/properti/jakarta-pusat-kramat/dijual-rumah-kramat-lontar-dibawah-harga-njop-hos41569362/,Dijual Rumah Kramat Lontar Dibawah Harga NJOP,"Rp 8,5 Miliar","Kramat, Jakarta Pusat",HGB,6 + 1,4 + 1,1 + 1,LT:  400 m²,LB:  550 m²,"['Rumah', 'Dekat Akses Transportasi', 'Dekat Sekolah']"
https://www.rumah123.com/properti/jakarta-pusat-kemayoran/dijual-townhouse-springhill-golf-residence-luas-450m2-4-lantai-vr1139-hos40194376/,Dijual Springhill Golf Residence Golf View 4 Lantai #Vr1139,"Rp 9,5 Miliar","Kemayoran, Jakarta Pusat",HGB,4 + 2,4 + 1,2 + 2,LT:  300 m²,LB:  450 m²,"['Rumah', 'Komplek Perumahan', 'Siap Huni', 'Bebas Banjir', 'Dekat Akses Transportasi']"
https://www.rumah123.com/properti/jakarta-pusat-kemayoran/dijual-townhouse-springhill-golf-residence-luas-300m2-4-lantai-vr1162-hos41155099/,Dijual Townhouse Springhill Golf Residence Luas 300M2 4 Lantai #Vr1162,Rp 9 Miliar,"Kemayoran, Jakarta Pusat",HGB,4 + 1,6 + 1,2 + 2,LT:  300 m²,LB:  700 m²,"['Rumah', 'Komplek Perumahan', 'Bebas Banjir', 'Dekat Akses Transportasi']"
https://www.rumah123.com/properti/jakarta-pusat-kemayoran/dijual-townhouse-springhill-golf-residence-luas-700m2-4-lantai-vr1149-hos40613651/,Dijual Townhouse Springhill Golf Residence Luas 700M2 4 Lantai #Vr1149,Rp 15 Miliar,"Kemayoran, Jakarta Pusat",HGB,5 + 2,5 + 2,2 + 2,LT:  300 m²,LB:  550 m²,"['Rumah', 'Komplek Perumahan', 'Bebas Banjir', 'Dekat Akses Transportasi']"
https://www.rumah123.com/properti/jakarta-pusat-kemayoran/dijual-townhouse-springhill-golf-residence-luas-350m2-4-lantai-vr1128-hos39169272/,Dijual Townhouse Springhill Golf Residence Luas 350m2 4 Lantai #VR1128,"Rp 4,8 Miliar","Kemayoran, Jakarta Pusat",HGB,4 + 2,4 + 1,1 + 2,LT:  153 m²,LB:  350 m²,"['Rumah', 'Komplek Perumahan', 'Bebas Banjir', 'Dekat Akses Transportasi']"
https://www.rumah123.com/properti/jakarta-pusat-menteng/rumah-hoek-31x245-750m2-6kt-strategis-di-menteng-jakarta-pusat-hos41558598/,"Rumah Hoek 31X24,5 750M2 6Kt Strategis di Menteng Jakarta Pusat",Rp 39 Miliar,"Menteng, Jakarta Pusat",HGB,6,4,4,LT:  750 m²,LB:  580 m²,"['Rumah', 'Dekat Akses Transportasi', 'Dekat Pusat Perbelanjaan']"
https://www.rumah123.com/properti/jakarta-pusat-gunung-sahari/rumah-tua-hitung-tanah-saja-hos14734777/,Rumah Tua hitung tanah saja,Rp 17 Miliar,"Gunung Sahari, Jakarta Pusat",HGB,0,0,3 + 3,LT:  508 m²,LB:  506 m²,['Rumah']
https://www.rumah123.com/properti/jakarta-pusat-pegangsaan/rumah-tua-dekat-stasiun-manggarai-hitung-tanah-saja-hos41218531/,Rumah Tua Dekat Stasiun Manggarai Hitung Tanah Saja,Rp 11 Miliar,"Pegangsaan, Jakarta Pusat",HGB,4,2,4,LT:  1413 m²,LB:  324 m²,"['Rumah', 'Dekat Akses Transportasi']"
https://www.rumah123.com/properti/jakarta-pusat-bungur/jual-murah-rumah-hitung-tanah-di-bungur-jakarta-pusat-hos41524501/,Jual Murah Rumah Hitung Tanah di Bungur Jakarta Pusat,"Rp 2,5 Miliar","Bungur, Jakarta Pusat",HGB,4,2,1,LT:  207 m²,LB:  100 m²,['Rumah']
https://www.rumah123.com/properti/jakarta-pusat-johar-baru/jual-cepat-rumah-harga-di-bawah-njop-di-johor-baru-jakarta-pusat-hos41481918/,Jual Cepat Rumah Harga di Bawah NJOP di Johor Baru Jakarta Pusat,"Rp 8,9 Miliar","Johar Baru, Jakarta Pusat",HGB,7,4,2 + 6,LT:  883 m²,LB:  880 m²,"['Rumah', 'NJOP', 'Bisa Nego', 'Bebas Banjir']"
https://www.rumah123.com/properti/jakarta-pusat-petojo/roi-10-kost-eksklusif-37-kamar-di-petojo-omset-924-jttahun-jln-lebar-2-mobil-hanya-120m-ke-jln-raya-besar-lokasi-super-hos40790111/,"Murah Mendekati NJOP Kos Besar 37 Kamar 6 Menit ke MRT Harmoni, Lokasi Prime di Petojo",Rp 9 Miliar,"Petojo, Jakarta Pusat",HGB,37 + 1,37 + 1,10,LT:  252 m²,LB:  700 m²,"['Rumah', 'NJOP', 'Dekat Akses Transportasi', 'Dekat Pusat Perbelanjaan', 'Dekat Sekolah']"
https://www.rumah123.com/properti/jakarta-pusat-gunung-sahari/dibawah-njop-rumah-dijual-hitung-tanah-gunung-sahari-jakarta-pusat-hos41521867/,Dibawah NJOP Rumah Dijual Hitung Tanah Gunung Sahari Jakarta Pusat,"Rp 5,5 Miliar","Gunung Sahari, Jakarta Pusat",HGB,3,2,1 + 1,LT:  302 m²,LB:  364 m²,"['Rumah', 'NJOP', 'Dekat Akses Transportasi', 'Dekat Pusat Perbelanjaan']"
https://www.rumah123.com/properti/jakarta-pusat-cempaka-putih/dijual-rumah-2-lantai-dicempaka-putih-hos41311399/,Dijual Rumah 2 Lantai Dicempaka Putih,"Rp 16,5 Miliar","Cempaka Putih, Jakarta Pusat",HGB,4,5,2 + 4,LT:  715 m²,LB:  1200 m²,"['Rumah', 'Dekat Fasilitas Kesehatan']"
https://www.rumah123.com/properti/jakarta-pusat-kemayoran/townhouse-murah-springhill-kemayoran-hos15159854/,Townhouse murah springhill kemayoran,"Rp 4,9 Miliar","Kemayoran, Jakarta Pusat",HGB,4 + 1,4 + 1,0,LT:  135 m²,LB:  500 m²,"['Rumah', 'Komplek Perumahan']"
https://www.rumah123.com/properti/jakarta-pusat-kemayoran/town-house-springhill-golf-residence-kemayoran-jakarta-hos41450864/,"Town House Hook di Springhill Golf Residence, Kemayoran, Jakarta","Rp 5,2 Miliar","Kemayoran, Jakarta Pusat",HGB,3,5,1 + 3,LT:  157 m²,LB:  620 m²,"['Rumah', 'Komplek Perumahan']"
https://www.rumah123.com/properti/jakarta-pusat-kemayoran/rumah-3-lantai-marmer-lokasi-nyaman-di-kemayoran-gn-sahari-jakpus-hos19236351/,Rumah 3 Lantai Marmer Lokasi Nyaman Di Kemayoran Gn Sahari Jakpus,"Rp 5,49 Miliar","Kemayoran, Jakarta Pusat",HGB,2,3,2,LT:  196 m²,LB:  450 m²,['Rumah']
https://www.rumah123.com/properti/jakarta-pusat-cempaka-putih/rumah-lama-hitung-tanah-luas-835-m2-di-cempaka-putih-jakpus-hos39144477/,"Rumah Lama Hitung Tanah Luas 835 M2 Di Cempaka Putih, Jakpus","Rp 18,5 Miliar","Cempaka Putih, Jakarta Pusat",HGB,0,0,0,LT:  835 m²,LB:  835 m²,['Rumah']
https://www.rumah123.com/properti/jakarta-pusat-bendungan-hilir/dijual-cepat-rumah-siap-huni-pejompongan-bendungan-hilir-jakarta-pusat-hos41477357/,Dijual Cepat Rumah Siap Huni Pejompongan Bendungan Hilir Jakarta Pusat,"Rp 6,5 Miliar","Bendungan Hilir, Jakarta Pusat",HGB,5,2,1,LT:  192 m²,LB:  170 m²,"['Rumah', 'Siap Huni', 'Dekat Akses Transportasi']"
https://www.rumah123.com/properti/jakarta-pusat-bendungan-hilir/dijual-cepat-rumah-siap-huni-pejompongan-bendungan-hilir-jakarta-pusat-hos41477188/,Dijual Cepat Rumah Siap Huni Pejompongan Bendungan Hilir Jakarta Pusat,"Rp 6,5 Miliar","Bendungan Hilir, Jakarta Pusat",HGB,5,2,1,LT:  192 m²,LB:  170 m²,"['Rumah', 'Siap Huni', 'Dekat Akses Transportasi']"
https://www.rumah123.com/properti/jakarta-pusat-bendungan-hilir/dijual-cepat-rumah-siap-hubi-pejompongan-bendungan-hilir-jakarta-pusat-hos41477049/,Dijual Cepat Rumah Siap Hubi Pejompongan Bendungan Hilir Jakarta Pusat,"Rp 6,5 Miliar","Bendungan Hilir, Jakarta Pusat",HGB,5,2,1,LT:  192 m²,LB:  170 m²,"['Rumah', 'Dekat Akses Transportasi']"
https://www.rumah123.com/properti/jakarta-pusat-bendungan-hilir/dijual-cepat-rumah-siap-huni-pejompongan-bendungan-hilir-jakarta-pusat-hos41477004/,Dijual Cepat Rumah Siap Huni Pejompongan Bendungan Hilir Jakarta Pusat,"Rp 6,5 Miliar","Bendungan Hilir, Jakarta Pusat",HGB,5,2,1,LT:  192 m²,LB:  170 m²,"['Rumah', 'Siap Huni', 'Dekat Akses Transportasi']"
https://www.rumah123.com/properti/jakarta-pusat-bendungan-hilir/dijual-cepat-rumah-siap-huni-pejompongan-bendungan-hilir-jakarta-pusat-hos41476976/,Dijual Cepat Rumah Siap Huni Pejompongan Bendungan Hilir Jakarta Pusat,"Rp 6,5 Miliar","Bendungan Hilir, Jakarta Pusat",HGB,5,2,1,LT:  192 m²,LB:  170 m²,"['Rumah', 'Siap Huni', 'Dekat Akses Transportasi']"
https://www.rumah123.com/properti/jakarta-pusat-bendungan-hilir/dijual-cepat-rumah-siap-huni-pejompongan-bendungan-hilir-jakarta-pusat-hos41476822/,Dijual Cepat Rumah Siap Huni Pejompongan Bendungan Hilir Jakarta Pusat,"Rp 6,5 Miliar","Bendungan Hilir, Jakarta Pusat",HGB,5,2,1,LT:  192 m²,LB:  170 m²,"['Rumah', 'Siap Huni', 'Dekat Akses Transportasi']"
https://www.rumah123.com/properti/jakarta-pusat-thamrin/jarang-ada-jual-rumah-2-lantai-semifurnish-di-atas-mall-thamrin-city-cosmo-park-town-house-fasilitas-kolam-renang-gym-hos41433880/,"Jarang Ada Jual Rumah 2 Lantai Semifurnish di Atas Mall Thamrin City Cosmo Park Town House Fasilitas Kolam Renang, Gym, Jogging Langsung ke Mall Thamrin City, Grand Indonesia, Tol Dalam Kota, dan MRT","Rp 3,9 Miliar","Thamrin, Jakarta Pusat",HGB,3 + 1,3 + 1,2,LT:  136 m²,LB:  270 m²,"['Rumah', 'Komplek Perumahan', 'Dekat Akses Transportasi', 'Dekat Pusat Perbelanjaan', 'Dekat Sekolah']"
https://www.rumah123.com/properti/jakarta-pusat-cempaka-putih/rumah-cempaka-putih-timur-siap-pakai-hos41433038/,Rumah Cempaka Putih Timur Siap Pakai,"Rp 9,25 Miliar","Cempaka Putih, Jakarta Pusat",HGB,5,3,2,LT:  506 m²,LB:  281 m²,"['Rumah', 'Bisa Nego', 'Siap Huni', 'Dekat Akses Transportasi', 'Dekat Sekolah', 'Dekat Tempat Ibadah']"
https://www.rumah123.com/properti/jakarta-pusat-cideng/jual-rumah-murah-bu-di-bawah-njop-di-cideng-timur-jakarta-pusat-hos41430171/,"Jual Rumah Murah Bu, di Bawah NJOP, di Cideng Timur, Jakarta Pusat",Rp 5 Miliar,"Cideng, Jakarta Pusat",HGB,4,3,0,LT:  197 m²,LB:  170 m²,"['Rumah', 'NJOP']"
https://www.rumah123.com/properti/jakarta-pusat-kemayoran/dijual-apartemen-the-mansion-jasmine-view-golf-cantik-hos41429556/,Dijual: Apartemen The Mansion Jasmine - View Golf Cantik! ✨,Rp 750 Juta,"Kemayoran, Jakarta Pusat",HGB,1,1,0,LT:  57 m²,LB:  57 m²,"['Rumah', 'Dekat Akses Transportasi']"
https://www.rumah123.com/properti/jakarta-pusat-gunung-sahari/rumah-besar-pasca-renovasi-di-gunung-sahari-raya-hos40786463/,Rumah Besar Pasca Renovasi di Gunung Sahari Raya,"Rp 5,7 Miliar","Gunung Sahari, Jakarta Pusat",HGB,5,4,0,LT:  252 m²,LB:  350 m²,['Rumah']
https://www.rumah123.com/properti/jakarta-pusat-sumur-batu/jual-murah-banget-rumah-tua-hitung-tanah-komplek-griya-agung-permai-hos41345081/,Jual Murah Banget Rumah Tua Hitung Tanah Komplek Griya Agung Permai,"Rp 1,5 Miliar","Sumur Batu, Jakarta Pusat",HGB,0,0,0,LT:  192 m²,LB:  192 m²,"['Rumah', 'Dekat Akses Transportasi']"
https://www.rumah123.com/properti/jakarta-pusat-cempaka-putih/rumah-dekat-rs-pertamina-cempaka-putih-jakarta-pusat-hos41291506/,Rumah Dekat Rs Pertamina Cempaka Putih Jakarta Pusat,"Rp 4,5 Miliar","Cempaka Putih, Jakarta Pusat",HGB,6,3,2,LT:  235 m²,LB:  300 m²,"['Rumah', 'Dekat Akses Transportasi', 'Dekat Fasilitas Kesehatan']"
https://www.rumah123.com/properti/jakarta-pusat-kramat/rumah-lama-lokasi-emas-tidak-banjir-di-jalan-kramat-jakpus-hos41388347/,Rumah Lama Lokasi Emas Tidak Banjir di Jalan Kramat Jakpus,"Rp 8,5 Miliar","Kramat, Jakarta Pusat",HGB,7,5,4,LT:  400 m²,LB:  600 m²,"['Rumah', 'Bebas Banjir', 'Dekat Akses Transportasi', 'Dekat Sekolah', 'Dekat Fasilitas Kesehatan']"
https://www.rumah123.com/properti/jakarta-pusat-senen/jual-cepat-rumah-bisnis-kost-di-bawah-njop-jl-bungur-besar-raya-hos41387907/,Jual Cepat Rumah Bisnis Kost di Bawah NJOP Jl Bungur Besar Raya,Rp 3 Miliar,"Senen, Jakarta Pusat",HGB,120,10,2 + 2,LT:  3000 m²,LB:  300 m²,"['Rumah', 'NJOP']"
https://www.rumah123.com/properti/jakarta-pusat-gajah-mada/dijual-rumah-strategis-taman-sari-gajah-mada-mangga-besar-hos40636977/,​Rumah Taman Sari Gajah Mada - Jalan 2 Mobil - Potensi Kost,"Rp 3,6 Miliar","Gajah Mada, Jakarta Pusat",HGB,5,3,0,LT:  150 m²,LB:  200 m²,"['Rumah', 'Bisa Nego', 'Dekat Pusat Perbelanjaan']"
https://www.rumah123.com/properti/jakarta-pusat-kramat/rumah-asri-bebas-banjir-harga-mepet-njop-jl-kramat-jakarta-pusat-hos41384874/,Rumah Asri Bebas Banjir Harga Mepet NJOP Jl. Kramat Jakarta Pusat,"Rp 8,5 Miliar","Kramat, Jakarta Pusat",HGB,7,5,4,LT:  400 m²,LB:  600 m²,"['Rumah', 'Bebas Banjir', 'Dekat Akses Transportasi', 'Dekat Sekolah', 'Dekat Fasilitas Kesehatan']"
https://www.rumah123.com/properti/jakarta-pusat-gunung-sahari/jual-bu-rumah-di-rajawali-selatan-200-m3-hos16732016/,Jual bu rumah di rajawali selatan  200 m3,"Rp 3,1 Miliar","Gunung Sahari, Jakarta Pusat",HGB,3,2,0,LT:  200 m²,LB:  235 m²,['Rumah']
https://www.rumah123.com/properti/jakarta-pusat-senen/dijual-bu-cepat-rumah-tua-raden-saleh-senen-cocok-untuk-kost-hos41044422/,​Jual Tanah Raden Saleh Senen - Lebar 12M - Pinggir Jalan Utama,Rp 12 Miliar,"Senen, Jakarta Pusat",HGB,3,2,0,LT:  312 m²,LB:  250 m²,"['Rumah', 'Dekat Akses Transportasi', 'Dekat Sekolah', 'Dekat Fasilitas Kesehatan']"
https://www.rumah123.com/properti/jakarta-pusat-cikini/dijual-rumah-kavling-raden-saleh-dekat-cikini-dibawah-pasar-hos41295468/,Dijual Rumah Kavling Raden Saleh - Dekat Cikini - Dibawah Pasar,Rp 12 Miliar,"Cikini, Jakarta Pusat",HGB,1,1,0,LT:  230 m²,LB:  312 m²,"['Rumah', 'Dekat Akses Transportasi', 'Dekat Sekolah', 'Dekat Fasilitas Kesehatan']"
https://www.rumah123.com/properti/jakarta-pusat-cempaka-putih/bebas-banjir-rumah-1-lantai-dekat-tempat-wisata-dekat-akses-tol-hos41307586/,"Bebas Banjir, Rumah, 1 Lantai, Dekat Tempat Wisata, Dekat Akses Tol,","Rp 4,5 Miliar","Cempaka Putih, Jakarta Pusat",HGB,7,3,2,LT:  235 m²,LB:  300 m²,"['Rumah', 'Bebas Banjir', 'Dekat Akses Transportasi', 'Dekat Fasilitas Kesehatan']"
https://www.rumah123.com/properti/jakarta-pusat-cempaka-putih/dijual-dibawah-harga-pasar-rumah-komersil-murah-cempaka-putih-barat-jakarta-pusat-hos41306149/,Dijual Dibawah Harga Pasar Rumah Komersil Murah Cempaka Putih Barat Jakarta Pusat,"Rp 7,2 Miliar","Cempaka Putih, Jakarta Pusat",HGB,6,3,2 + 2,LT:  278 m²,LB:  500 m²,"['Rumah', 'NJOP', 'Bebas Banjir', 'Dekat Akses Transportasi', 'Dekat Pusat Perbelanjaan', 'Dekat Sekolah', 'Dekat Fasilitas Kesehatan']"
https://www.rumah123.com/properti/jakarta-pusat-kemayoran/rumah-di-kemayoran-pusat-kota-jual-cepat-sangat-strategis-bebas-banjir-2-lantai-hgb-dekat-akses-transjakarta-dekat-hos41302513/,"Rumah di Kemayoran Pusat Kota Jual Cepat Sangat Strategis Bebas Banjir, 2 Lantai, HGB, Dekat Akses Transjakarta, Dekat Akses Tol,",Rp 2 Miliar,"Kemayoran, Jakarta Pusat",HGB,4,2,2 + 1,LT:  90 m²,LB:  150 m²,"['Rumah', 'Bebas Banjir']"
https://www.rumah123.com/properti/jakarta-pusat-kemayoran/rumah-di-perumahan-springhill-golf-residence-jl-green-hill-jakarta-utara-shgb-masa-berlaku-sd-08122033-luas-tanah-300-hos41255205/,"Rumah, di Perumahan Springhill Golf Residence, Jl. Green Hill Jakarta Utara. Shgb Masa Berlaku S.d 08-12-2033 , Luas Tanah : 300 M2 Shgb Masa Berlaku S.d 08-12-2033 , Luas Tanah : 1.008 M2 Total Luas Tanah : 1.308 M2 LB : 592 M2 Harga 26 M",Rp 26 Miliar,"Kemayoran, Jakarta Pusat",HGB,6,6,2 + 6,LT:  1308 m²,LB:  592 m²,"['Rumah', 'Komplek Perumahan', 'Lelang']"
https://www.rumah123.com/properti/jakarta-pusat-cempaka-putih/rumah-kost-61-kamar-terisi-p-e-n-u-h-di-cempaka-putih-jakarta-hos17923998/,"Rumah Kost 61 Kamar Terisi P E N U H di Cempaka Putih, Jakarta",Rp 18 Miliar,"Cempaka Putih, Jakarta Pusat",HGB,61 + 2,61 + 1,10,LT:  695 m²,LB:  1800 m²,"['Rumah', 'Komplek Perumahan', 'Bebas Banjir']"
https://www.rumah123.com/properti/jakarta-pusat-kebon-kacang/rumah-dijual-dekat-bundaran-hi-grand-indonesia-mall-plaza-indonesia-hos14106487/,"Rumah Dijual Dekat Bundaran Hi, Grand Indonesia Mall, Plaza Indonesia","Rp 2,95 Miliar","Kebon Kacang, Jakarta Pusat",HGB,4 + 1,1,0,LT:  78 m²,LB:  110 m²,"['Rumah', 'Dekat Akses Transportasi', 'Dekat Pusat Perbelanjaan', 'Dekat Sekolah']"
https://www.rumah123.com/properti/jakarta-pusat-kartini/dijual-rumah-jalan-kartini-jakarta-pusat-hos40772480/,Dijual Rumah Jalan Kartini Jakarta Pusat,"Rp 2,1 Miliar","Kartini, Jakarta Pusat",HGB,2,2,0,LT:  94 m²,LB:  80 m²,"['Rumah', 'Dekat Sekolah']"
https://www.rumah123.com/properti/jakarta-pusat-tanah-abang/rumah-dijual-di-kebon-melati-400-meter-stasiun-karet-hos18442561/,Rumah Dijual di Kebon Melati 400 Meter Stasiun Karet,"Rp 6,52 Miliar","Tanah Abang, Jakarta Pusat",HGB,6,4,1,LT:  163 m²,LB:  190 m²,"['Rumah', 'Dekat Akses Transportasi', 'Dekat Pusat Perbelanjaan']"
https://www.rumah123.com/properti/jakarta-pusat-menteng/menyambut-hari-kemenangan-metland-menteng-jakarta-memberikan-surprised-rumah-modern-pintar-cantik-murah-hos41156668/,Menyambut Hari Kemenangan Metland Menteng Jakarta Memberikan Surprised Rumah Modern Pintar Cantik Murah,Rp 2 Miliar,"Menteng, Jakarta Pusat",HGB,3 + 1,2 + 1,2,LT:  70 m²,LB:  88 m²,"['Rumah', 'Komplek Perumahan', 'Bebas Banjir', 'Dekat Akses Transportasi', 'Dekat Pusat Perbelanjaan', 'Dekat Fasilitas Kesehatan']"
https://www.rumah123.com/properti/jakarta-pusat-gambir/dijual-murah-rumah-di-cideng-timur-bawah-njop-hos40755562/,Dijual Murah Rumah di Cideng Timur ( Bawah Njop),Rp 5 Miliar,"Gambir, Jakarta Pusat",HGB,4,3,1 + 1,LT:  197 m²,LB:  170 m²,"['Rumah', 'NJOP']"
https://www.rumah123.com/properti/jakarta-pusat-kemayoran/rumah-springhill-luas-153m-hadap-utara-bangunan-4-lantai-harga-nego-hos41081779/,Rumah Springhill Luas 153M Hadap Utara Bangunan 4 Lantai Harga Nego,"Rp 5,2 Miliar","Kemayoran, Jakarta Pusat",HGB,5,4,0,LT:  153 m²,LB:  363 m²,"['Rumah', 'Komplek Perumahan', 'Bisa Nego', 'Bebas Banjir']"
https://www.rumah123.com/properti/jakarta-pusat-cideng/di-jual-3-ruko-terdiri-2-ruko-gandeng-1-ruko-strategis-pusat-bisnis-jl-cideng-barat-jakarta-pusat-nego-hos17332323/,"Di Jual 3 Ruko Terdiri 2 Ruko Gandeng + 1 Ruko , Strategis, Pusat Bisnis, Jl. Cideng Barat, Jakarta Pusat, Nego",Rp 19 Miliar,"Cideng, Jakarta Pusat",HGB,0,4,0,LT:  314 m²,LB:  1300 m²,"['Rumah', 'Dekat Akses Transportasi', 'Dekat Sekolah', 'Dekat Fasilitas Kesehatan']"
https://www.rumah123.com/properti/jakarta-pusat-kebon-sirih/rumah-usaha-hoek-strategis-pusat-kota-jalan-kebon-sirih-dijual-kawasan-bisnisperkantorankuliner-dan-hotel-menteng-hos41035422/,"Rumah Usaha Hoek Strategis Pusat Kota Jalan Kebon Sirih Dijual Kawasan Bisnis,Perkantoran,Kuliner dan Hotel Menteng Jakarta Pusat",Rp 13 Miliar,"Kebon Sirih, Jakarta Pusat",HGB,0,1,3,LT:  260 m²,LB:  135 m²,"['Rumah', 'Bisa Nego']"
https://www.rumah123.com/properti/jakarta-pusat-menteng/dijual-rumah-semi-kosan-luas-dan-terawat-hos41029908/,Dijual Rumah Semi Kosan Luas dan Terawat,Rp 50 Miliar,"Menteng, Jakarta Pusat",HGB,16,2,6,LT:  909 m²,LB:  648 m²,['Rumah']
https://www.rumah123.com/properti/jakarta-pusat-pasar-baru/dijual-dibawah-njop-rumah-jalan-pintu-besi-pasar-baru-jakarta-pusat-hos40777279/,"Dijual Dibawah NJOP Rumah Jalan Pintu Besi, Pasar Baru - Jakarta Pusat","Rp 6,55 Miliar","Pasar Baru, Jakarta Pusat",HGB,3,2,1,LT:  300 m²,LB:  364 m²,"['Rumah', 'NJOP']"
https://www.rumah123.com/properti/jakarta-pusat-kramat/rumah-tingkat-di-kramat-kwitang-senen-jakarta-pusat-hos16769372/,Rumah Tingkat Di Kramat Kwitang Senen Jakarta Pusat,"Rp 3,95 Miliar","Kramat, Jakarta Pusat",HGB,6,3,1,LT:  225 m²,LB:  227 m²,['Rumah']
https://www.rumah123.com/properti/jakarta-pusat-sawah-besar/harga-net-rumah-tua-hitung-tanah-sawah-besar-jakarta-pusat-hos40232880/,Harga NET Rumah Tua Hitung Tanah Sawah Besar Jakarta Pusat,Rp 750 Juta,"Sawah Besar, Jakarta Pusat",HGB,1,1,1,LT:  60 m²,LB:  10 m²,"['Rumah', 'Bisa Nego']"
https://www.rumah123.com/properti/jakarta-pusat-pasar-baru/di-jual-cepat-rumah-pasar-baru-jakarta-pusat-hos40951249/,Di Jual Cepat Rumah Pasar Baru Jakarta Pusat,"Rp 5,3 Miliar","Pasar Baru, Jakarta Pusat",HGB,3,2,2,LT:  300 m²,LB:  364 m²,['Rumah']
https://www.rumah123.com/properti/jakarta-pusat-kemayoran/di-jual-dgn-harga-njop-rumah-tua-hitung-tanah-jl-rajawali-selatan-jak-pus-hos40951266/,Di Jual Dgn Harga NJOP Rumah Tua Hitung Tanah Jl. Rajawali Selatan Jak Pus,"Rp 3,1 Miliar","Kemayoran, Jakarta Pusat",HGB,0,0,0,LT:  200 m²,LB:  235 m²,['Rumah']
https://www.rumah123.com/properti/jakarta-pusat-kartini/di-jual-cepat-rumah-bagus-jl-kartini-jak-pus-hos40951268/,Di Jual Cepat Rumah Bagus Jl. Kartini Jak Pus,"Rp 3,5 Miliar","Kartini, Jakarta Pusat",HGB,5,5,0,LT:  99 m²,LB:  297 m²,['Rumah']
https://www.rumah123.com/properti/jakarta-pusat-kramat/harga-njop-rumah-di-daerah-kramat-kwitang-jakarta-pusat-hos40232881/,Harga Njop Rumah Di Daerah Kramat Kwitang Jakarta Pusat,"Rp 3,95 Miliar","Kramat, Jakarta Pusat",HGB,6,3,1,LT:  225 m²,LB:  227 m²,['Rumah']
https://www.rumah123.com/properti/jakarta-pusat-kemayoran/rumah-jalan-garuda-raya-lt-1773mtr-jakarta-pusat-hos13210512/,Rumah Jalan Garuda Raya Lt 1773mtr Jakarta Pusat,Rp 40 Miliar,"Kemayoran, Jakarta Pusat",HGB,3 + 1,3 + 1,2 + 2,LT:  1773 m²,LB:  1226 m²,"['Rumah', 'Lelang']"
https://www.rumah123.com/properti/jakarta-pusat-kemayoran/rumah-tabing-kemayoran-bagus-strategis-hos18090870/,Rumah Tabing Kemayoran Bagus Strategis,"Rp 5,5 Miliar","Kemayoran, Jakarta Pusat",HGB,4,3,2,LT:  146 m²,LB:  250 m²,['Rumah']
https://www.rumah123.com/properti/jakarta-pusat-senen/rumahkantor-di-kembang-raya-jakarta-pusat-hos8689703/,Rumah/Kantor di Kembang Raya Jakarta Pusat,"Rp 8,6 Miliar","Senen, Jakarta Pusat",HGB,9,6,2 + 2,LT:  374 m²,LB:  200 m²,['Rumah']
https://www.rumah123.com/properti/jakarta-pusat-kartini/di-jual-rumah-kartini-jakarta-pusat-lt-6x20m-hadap-utara-hos40928709/,Di Jual Rumah Kartini Jakarta Pusat Lt. 6X20m Hadap Utara,"Rp 4,8 Miliar","Kartini, Jakarta Pusat",HGB,4,3,0,LT:  120 m²,LB:  210 m²,"['Rumah', 'Komplek Perumahan']"
https://www.rumah123.com/properti/jakarta-pusat-cideng/cilamaya-cideng-jakpus-dibawah-njop-hos40928196/,Cilamaya Cideng Jakpus. Dibawah NJOP.,"Rp 4,5 Miliar","Cideng, Jakarta Pusat",HGB,4 + 1,2 + 1,1 + 2,LT:  258 m²,LB:  300 m²,"['Rumah', 'NJOP', 'Dekat Sekolah', 'Lelang']"
https://www.rumah123.com/properti/jakarta-pusat-kartini/di-jual-rumah-kartini-jakarta-pusat-lt-6x20m-hadap-utara-hos40927087/,Di Jual Rumah Kartini Jakarta Pusat Lt. 6X20m Hadap Utara,"Rp 4,8 Miliar","Kartini, Jakarta Pusat",HGB,4,3,0,LT:  120 m²,LB:  210 m²,"['Rumah', 'Komplek Perumahan']"
https://www.rumah123.com/properti/jakarta-pusat-kemayoran/jual-cepat-town-house-kondominium-rajawalijakarta-pusat-hos39594809/,"Jual Cepat ! Town House Kondominium Rajawali,jakarta Pusat","Rp 3,8 Miliar","Kemayoran, Jakarta Pusat",HGB,6,7,0,LT:  140 m²,LB:  140 m²,"['Rumah', 'Komplek Perumahan', 'Dekat Pusat Perbelanjaan']"
https://www.rumah123.com/properti/jakarta-pusat-cideng/jual-rumah-cideng-timur-murah-dibawah-njop-hos40460134/,Jual Rumah Cideng Timur Murah Dibawah Njop,Rp 5 Miliar,"Cideng, Jakarta Pusat",HGB,5,3,2 + 2,LT:  197 m²,LB:  170 m²,"['Rumah', 'NJOP']"
https://www.rumah123.com/properti/jakarta-pusat-kemayoran/dijual-sangat-murah-rumah-di-kemayoran-hos40629382/,Dijual Sangat Murah Rumah Di Kemayoran,Rp 7 Miliar,"Kemayoran, Jakarta Pusat",HGB,4,4,2 + 4,LT:  826 m²,LB:  1086 m²,['Rumah']
https://www.rumah123.com/properti/jakarta-pusat-cideng/rumah-tua-cideng-jl-bengawan-dijual-murah-gambir-jakarta-pusat-hos15375297/,Rumah Tua Cideng Jl. Bengawan Dijual Murah Gambir Jakarta Pusat,"Rp 3,3 Miliar","Cideng, Jakarta Pusat",HGB,2,2,0,LT:  121 m²,LB:  121 m²,"['Rumah', 'Dekat Pusat Perbelanjaan', 'Dekat Sekolah']"
https://www.rumah123.com/properti/jakarta-pusat-gunung-sahari/dijual-rumah-di-gunung-sahari-bisa-untuk-usaha-bagus-hgb-ana-hos40878763/,Dijual Rumah di Gunung Sahari bisa untuk Usaha Bagus HGB (Ana),"Rp 12,8 Miliar","Gunung Sahari, Jakarta Pusat",HGB,4,9,5,LT:  416 m²,LB:  650 m²,"['Rumah', 'Bisa Nego', 'Siap Huni', 'Bebas Banjir']"
https://www.rumah123.com/properti/jakarta-pusat-senen/ruko-1-lantaikwitangzona-komersial-4lantai-jakarta-pusat-hos12854481/,"Ruko 1 Lantai,Kwitang,Zona Komersial 4Lantai, Jakarta Pusat","Rp 8,8 Miliar","Senen, Jakarta Pusat",HGB,9,5,2 + 2,LT:  374 m²,LB:  250 m²,['Rumah']
https://www.rumah123.com/properti/jakarta-pusat-kemayoran/di-jual-rumah-1-lantai-siap-huni-di-jalan-pualam-sumur-batu-kemayoran-jakarta-pusat-hos40870875/,Di Jual Rumah 1 Lantai Siap Huni di Jalan Pualam Sumur Batu Kemayoran Jakarta Pusat,Rp 5 Miliar,"Kemayoran, Jakarta Pusat",HGB,7,6,1,LT:  260 m²,LB:  260 m²,"['Rumah', 'Siap Huni']"
https://www.rumah123.com/properti/jakarta-pusat-kartini/rumah-3-lantai-di-kartini-jakarta-pusat-hos13381565/,"Rumah 3 Lantai Di Kartini, Jakarta Pusat","Rp 2,79 Miliar","Kartini, Jakarta Pusat",HGB,4,3,0,LT:  60 m²,LB:  180 m²,['Rumah']
https://www.rumah123.com/properti/jakarta-pusat-cempaka-putih/siap-huni-rumah-luas-strategis-1-lantai-di-cempaka-putih-hos40828388/,"Siap Huni, Rumah Luas Strategis, 1 Lantai di Cempaka Putih",Rp 25 Miliar,"Cempaka Putih, Jakarta Pusat",HGB,9 + 1,3 + 1,2 + 2,LT:  700 m²,LB:  493 m²,"['Rumah', 'Siap Huni', 'Dekat Fasilitas Kesehatan']"
https://www.rumah123.com/properti/jakarta-pusat-gambir/dijual-rumah-bangunan-tua-lokasi-strategis-jalan-batu-ceper-kebon-kelapa-gambir-jakarta-pusat-hos40785447/,"Dijual Rumah Bangunan Tua Lokasi Strategis Jalan Batu Ceper Kebon Kelapa , Gambir - Jakarta Pusat",Rp 550 Juta,"Gambir, Jakarta Pusat",HGB,2,1,0,LT:  44 m²,LB:  80 m²,['Rumah']
https://www.rumah123.com/properti/jakarta-pusat-menteng/dijual-rumah-tua-hitung-tanah-jl-surabaya-kel-menteng-kec-menteng-jakarta-pusat-cafe-restaurant-hotel-motel-toko-hos39361948/,"Dijual Rumah Tua Hitung Tanah Jl. Surabaya Kel. Menteng, Kec. Menteng Jakarta Pusat Cafe & Restaurant, Hotel, Motel, Toko Sepanjang Jalan LT: 398M2 LB 200 M2 Shgb 2036 Gol. C Harga : Rp 19.9Milyar Cocok Utk Rumah, Kantor, Usaha","Rp 19,9 Miliar","Menteng, Jakarta Pusat",HGB,3,2,2 + 6,LT:  398 m²,LB:  200 m²,"['Rumah', 'Dekat Akses Transportasi']"
https://www.rumah123.com/properti/jakarta-pusat-cideng/rumah-komersil-bawah-njop-pinggir-jalan-raya-bengawan-cideng-gambir-jakpus-hos40758818/,Rumah Komersil Bawah NJOP Pinggir Jalan Raya Bengawan Cideng Gambir Jakpus,"Rp 6,5 Miliar","Cideng, Jakarta Pusat",HGB,3,2,1 + 1,LT:  247 m²,LB:  150 m²,"['Rumah', 'NJOP']"
https://www.rumah123.com/properti/jakarta-pusat-gunung-sahari/rumah-luas-tanah-14x14-m-lantai-marmer-di-gunung-sahari-jakpus-hos19236334/,"Rumah Luas Tanah 14x14 M Lantai Marmer Di Gunung Sahari, Jakpus","Rp 5,49 Miliar","Gunung Sahari, Jakarta Pusat",HGB,3,3,2,LT:  196 m²,LB:  450 m²,['Rumah']
https://www.rumah123.com/properti/jakarta-pusat-gunung-sahari/rumah-tua-hitung-tanah-215-m2-di-gunung-sahari-jakarta-pusat-hos18218900/,"Rumah Tua Hitung Tanah 215 M2 Di Gunung Sahari, Jakarta Pusat","Rp 3,9 Miliar","Gunung Sahari, Jakarta Pusat",HGB,0,0,0,LT:  215 m²,LB:  170 m²,['Rumah']
https://www.rumah123.com/properti/jakarta-pusat-menteng/rumah-hitung-tanah-dijual-cepat-di-menteng-jakarta-pusat-hos40409433/,Rumah Hitung Tanah Dijual Cepat Di Menteng Jakarta Pusat,"Rp 35,7 Miliar","Menteng, Jakarta Pusat",HGB,5 + 1,4 + 1,2 + 2,LT:  555 m²,LB:  300 m²,"['Rumah', 'Lelang']"
https://www.rumah123.com/properti/jakarta-pusat-cideng/jual-cepat-turun-harga-hotel-budget-omset-super-bagus-15-miliar-per-tahun-cideng-jakpus-hos17000587/,Jual Cepat Turun Harga Hotel Budget Omset Super Bagus 1.5 Miliar Per Tahun Cideng Jakpus,"Rp 18,5 Miliar","Cideng, Jakarta Pusat",HGB,50 + 2,50 + 2,0,LT:  339 m²,LB:  616 m²,"['Rumah', 'Bebas Banjir', 'Dekat Sekolah']"
https://www.rumah123.com/properti/jakarta-pusat-sawah-besar/jual-cepat-rumah-standart-jalan-1-mobil-di-sawah-besar-nego-hos15727913/,"Jual Cepat, Rumah Standart Jalan 1 Mobil di Sawah Besar, Nego",Rp 975 Juta,"Sawah Besar, Jakarta Pusat",HGB,4,2,0,LT:  48 m²,LB:  1 m²,['Rumah']
https://www.rumah123.com/properti/jakarta-pusat-kemayoran/dijual-rumah-mewah-area-kemayoran-5-kamar-tidur-hos40144410/,Dijual Rumah Mewah Area Kemayoran 5 Kamar Tidur,"Rp 8,5 Miliar","Kemayoran, Jakarta Pusat",HGB,5,4,1 + 2,LT:  195 m²,LB:  500 m²,"['Rumah', 'Komplek Perumahan']"
https://www.rumah123.com/properti/jakarta-pusat-menteng/rumah-tua-hitung-tanah-menteng-hos40454628/,Rumah Tua Hitung Tanah Menteng,Rp 38 Miliar,"Menteng, Jakarta Pusat",HGB,0,0,4,LT:  750 m²,LB:  400 m²,['Rumah']
https://www.rumah123.com/properti/jakarta-pusat-salemba/rumah-dijual-tuakolonial-rapih-dan-terawat-hos40403096/,Rumah dijual (Tua/Kolonial) Rapih dan Terawat,Rp 15 Miliar,"Salemba, Jakarta Pusat",HGB,8,3,0,LT:  780 m²,LB:  400 m²,['Rumah']
https://www.rumah123.com/properti/jakarta-pusat-kemayoran/turun-harga-rumah-blossom-residence-hadap-selatan-hos13906527/,Turun Harga Rumah Blossom Residence Hadap Selatan,"Rp 9,9 Miliar","Kemayoran, Jakarta Pusat",HGB,4 + 2,4 + 2,4 + 2,LT:  270 m²,LB:  270 m²,"['Rumah', 'Komplek Perumahan']"
https://www.rumah123.com/properti/jakarta-pusat-petojo/rumah-di-jl-kesehatan-jakarta-pusatedrew-owr-hos40348987/,"rumah di jl kesehatan  jakarta pusat,edrew owr",Rp 8 Miliar,"Petojo, Jakarta Pusat",HGB,5,3,0,LT:  256 m²,LB:  150 m²,"['Rumah', 'Siap Huni', 'Bebas Banjir', 'Dekat Sekolah']"
https://www.rumah123.com/properti/jakarta-pusat-gunung-sahari/dijual-rumah-rajawali-selatan-raya-siap-pakai-harga-murah-hos39298357/,Dijual Rumah Rajawali Selatan Raya Siap Pakai Harga Murah,Rp 14 Miliar,"Gunung Sahari, Jakarta Pusat",HGB,5 + 1,3 + 2,2 + 1,LT:  555 m²,LB:  400 m²,"['Rumah', 'Siap Huni', 'Bebas Banjir']"
https://www.rumah123.com/properti/jakarta-pusat-kemayoran/dijual-disewakan-rumah-with-pool-di-golf-residence-kemayoran-hos40200539/,Dijual/ Disewakan Rumah With Pool Di Golf Residence Kemayoran,Rp 13 Miliar,"Kemayoran, Jakarta Pusat",HGB,4,4,1 + 1,LT:  325 m²,LB:  200 m²,"['Rumah', 'Komplek Perumahan']"
https://www.rumah123.com/properti/jakarta-pusat-cideng/rumah-mewah-2-lt-nyaman-tenang-lokasi-di-jantungnya-kota-jakarta-hos18698394/,RUMAH MEWAH 2 LT NYAMAN TENANG LOKASI DI JANTUNGNYA  KOTA JAKARTA.,"Rp 7,3 Miliar","Cideng, Jakarta Pusat",HGB,5 + 2,2 + 1,0,LT:  258 m²,LB:  300 m²,"['Rumah', 'Dekat Pusat Perbelanjaan', 'Dekat Sekolah']"
https://www.rumah123.com/properti/jakarta-pusat-gunung-sahari/townhouse-royalton-bagus-semi-furnish-hgb-gunung-sahari-jakarta-pusat-hos39954811/,"Townhouse Royalton Bagus Semi Furnish HGB Gunung Sahari, Jakarta Pusat",Rp 7 Miliar,"Gunung Sahari, Jakarta Pusat",HGB,5,2,2,LT:  200 m²,LB:  600 m²,"['Rumah', 'Komplek Perumahan', 'Dekat Tempat Ibadah']"
https://www.rumah123.com/properti/jakarta-pusat-kemayoran/townhouse-springhill-9x17-4lantai32kmrrapihkpr-oke-hos39741911/,Townhouse Springhill 9x17 4lantai.3+2kmr.rapih.kpr Oke.,"Rp 5,3 Miliar","Kemayoran, Jakarta Pusat",HGB,5,5,4 + 2,LT:  153 m²,LB:  363 m²,"['Rumah', 'Komplek Perumahan', 'Dekat Pusat Perbelanjaan']"
https://www.rumah123.com/properti/jakarta-pusat-pasar-baru/murah-rumah-dibawah-harga-njop-strategis-bisa-buat-usaha-di-pasar-baru-jakarta-pusat-hos39314420/,"Murah !! Rumah Dibawah Harga Njop - Strategis Bisa Buat Usaha Di Pasar Baru, Jakarta Pusat","Rp 5,7 Miliar","Pasar Baru, Jakarta Pusat",HGB,3,2,0,LT:  300 m²,LB:  364 m²,"['Rumah', 'NJOP']"
https://www.rumah123.com/properti/jakarta-pusat-kramat/rumah-tua-harga-njop-di-kramat-jakarta-pusat-hos39709470/,Rumah Tua Harga Njop Di Kramat Jakarta Pusat,Rp 16 Miliar,"Kramat, Jakarta Pusat",HGB,3,1,1,LT:  400 m²,LB:  350 m²,['Rumah']
https://www.rumah123.com/properti/jakarta-pusat-menteng/rumah-1-lantai-3-br-hgb-menteng-jakarta-pusat-hos39705659/,Rumah 1 Lantai 3 BR HGB Menteng Jakarta Pusat,"Rp 19,5 Miliar","Menteng, Jakarta Pusat",HGB,3,2,3,LT:  353 m²,LB:  200 m²,"['Rumah', 'Dekat Akses Transportasi', 'Dekat Pusat Perbelanjaan', 'Dekat Tempat Ibadah']"
https://www.rumah123.com/properti/jakarta-pusat-glodok/rumah-2lantai-prime-location-hos39705563/,Rumah 2lantai Prime Location,"Rp 2,4 Miliar","Glodok, Jakarta Pusat",HGB,3,2,1,LT:  75 m²,LB:  70 m²,"['Rumah', 'Dekat Akses Transportasi']"
https://www.rumah123.com/properti/jakarta-pusat-cideng/dijual-rumah-tua-hitung-tanah-di-cideng-murah-harga-dibawah-njop-hos19267493/,Dijual Rumah tua hitung tanah di Cideng Murah Harga dibawah NJOP,"Rp 4,8 Miliar","Cideng, Jakarta Pusat",HGB,5,3,0,LT:  241 m²,LB:  180 m²,"['Rumah', 'NJOP']"
https://www.rumah123.com/properti/jakarta-pusat-sawah-besar/rumah-komplek-taman-kartini-ukuran-10x26-m-hos39007181/,Rumah Komplek Taman Kartini (Ukuran 10x26 m),"Rp 8,6 Miliar","Sawah Besar, Jakarta Pusat",HGB,4,4,0,LT:  260 m²,LB:  250 m²,"['Rumah', 'Dekat Tempat Wisata']"
https://www.rumah123.com/properti/jakarta-pusat-senen/rumah-vintage-strategis-senen-jakarta-pusat-hos38897682/,Rumah Vintage Strategis Senen Jakarta Pusat,"Rp 17,5 Miliar","Senen, Jakarta Pusat",HGB,7,3,3,LT:  595 m²,LB:  400 m²,['Rumah']
https://www.rumah123.com/properti/jakarta-pusat-kemayoran/nego-sampai-deal-rumah-3lt-d-jakpus-furnish-siap-huni-hos19515177/,Nego Sampai Deal Rumah 3lt D Jakpus Furnish Siap Huni,"Rp 4,95 Miliar","Kemayoran, Jakarta Pusat",HGB,3,3,1 + 2,LT:  144 m²,LB:  250 m²,"['Rumah', 'NJOP', 'Komplek Perumahan', 'Bisa Nego', 'Siap Huni']"
https://www.rumah123.com/properti/jakarta-pusat-kemayoran/dijual-rumah-di-komplek-kemayoran-lokasi-bagus-nyaman-bagus-hos19278580/,"Dijual Rumah Di Komplek Kemayoran Lokasi Bagus, Nyaman, Bagus!!","Rp 4,8 Miliar","Kemayoran, Jakarta Pusat",HGB,5 + 1,4 + 1,2 + 1,LT:  176 m²,LB:  176 m²,"['Rumah', 'Dekat Tempat Ibadah']"
https://www.rumah123.com/properti/jakarta-pusat-menteng/dijual-murah-itung-tanah-rumah-di-jalan-surabaya-menteng-jakarta-pusat-hos17771092/,Dijual Murah Itung Tanah Rumah di Jalan Surabaya Menteng Jakarta Pusat,Rp 19 Miliar,"Menteng, Jakarta Pusat",HGB,3,3,4 + 3,LT:  398 m²,LB:  398 m²,['Rumah']
https://www.rumah123.com/properti/jakarta-pusat-senen/rumah-gaya-lama-di-jakarta-pusat-hos18849517/,Rumah Gaya Lama di Jakarta Pusat,"Rp 17,5 Miliar","Senen, Jakarta Pusat",HGB,10,3,3,LT:  595 m²,LB:  400 m²,['Rumah']
https://www.rumah123.com/properti/jakarta-pusat-menteng/rumah-di-menteng-hos18754382/,Rumah di Menteng,Rp 45 Miliar,"Menteng, Jakarta Pusat",HGB,0,0,0,LT:  840 m²,0,['Rumah']
https://www.rumah123.com/properti/jakarta-pusat-senen/dijual-bangunan-harga-dibawah-njop-di-kwitang-jakarta-pusat-hos18546195/,Dijual Bangunan Harga Dibawah Njop Di Kwitang Jakarta Pusat,Rp 2 Miliar,"Senen, Jakarta Pusat",HGB,17,4,2,LT:  140 m²,LB:  200 m²,"['Rumah', 'NJOP', 'Dekat Akses Transportasi']"
https://www.rumah123.com/properti/jakarta-pusat-menteng/dijual-rumah-modern-sudah-renovasi-ada-kolam-renang-hgb-di-menteng-jakarta-pusat-hos18431357/,"Dijual Rumah Modern Sudah Renovasi, Ada Kolam Renang, Hgb, di Menteng, Jakarta Pusat",Rp 45 Miliar,"Menteng, Jakarta Pusat",HGB,5 + 3,5 + 1,4 + 4,LT:  920 m²,LB:  680 m²,['Rumah']
https://www.rumah123.com/properti/jakarta-pusat-kemayoran/rumah-di-golf-residence-hos18370054/,Rumah di Golf Residence,"Rp 5,2 Miliar","Kemayoran, Jakarta Pusat",HGB,4,4,0,LT:  144 m²,LB:  250 m²,"['Rumah', 'Komplek Perumahan']"
